"","date","gox23","gox38","cpu","gpu","asics","aminer"
"1","2009-11-22 00:00:00",0.00127863289547763,0.0138901883025843,0.211715204952871,0.00155605320042137,0.000315953836012466,6.28769851254433e-05
"2","2009-11-29 00:00:00",0.00128087320697145,0.0140135479457671,0.20125657652674,0.0015950397639239,0.000322942936049164,6.41514161805046e-05
"3","2009-12-06 00:00:00",0.00126701127775727,0.0140315474900419,0.18586338311806,0.00162665518449496,0.000328159787384516,6.50741044625088e-05
"4","2009-12-13 00:00:00",0.00124150890368884,0.0139743081705149,0.163544015009731,0.00165835309922548,0.00033307391434646,6.59269716735451e-05
"5","2009-12-20 00:00:00",0.0012078066447827,0.0138639661379929,0.142449006698386,0.00167619257775417,0.000334921995852729,6.61671722581243e-05
"6","2009-12-27 00:00:00",0.00116653956556414,0.0137145708196694,0.123870951735903,0.00167814938892237,0.00033333630390653,6.5726556963699e-05
"7","2010-01-03 00:00:00",0.00111936172010059,0.0135238899329442,0.107784478584948,0.00166367298370572,0.000328250161696815,6.45955763567611e-05
"8","2010-01-10 00:00:00",0.00106775632799058,0.0132761254875424,0.0939831330713294,0.00163351727922609,0.000319881202947727,6.28210815425353e-05
"9","2010-01-17 00:00:00",0.00101511703860195,0.0129600092055684,0.0827120634361609,0.00158752006310475,0.000308219143735959,6.04010891447601e-05
"10","2010-01-24 00:00:00",0.000973902507289093,0.0127727124316459,0.0732735180413359,0.00152616664402059,0.000293527875350974,5.73962477164964e-05
"11","2010-01-31 00:00:00",0.000992708683138758,0.0132205123041933,0.0657890045759852,0.00145517231831432,0.000276896534420028,5.40183392392854e-05
"12","2010-02-07 00:00:00",0.00101217429185037,0.0135508885508089,0.06007102793589,0.00140540643190448,0.000263959661662032,5.1354506535483e-05
"13","2010-02-14 00:00:00",0.00102296062404661,0.0136882090997597,0.0578752973287315,0.00137594893088774,0.000254565046165172,4.9384512210398e-05
"14","2010-02-21 00:00:00",0.00101892628494614,0.0137606808382593,0.0596553571351583,0.00139865646804062,0.000253872334204949,4.90786106591893e-05
"15","2010-02-28 00:00:00",0.00100842121505993,0.0139207526799752,0.065880596729634,0.00148427617481556,0.000262823796166159,5.05763938944971e-05
"16","2010-03-07 00:00:00",0.00101120488448317,0.0139630287536703,0.0748118092516953,0.00156191025170102,0.000269239602233379,5.15630698988632e-05
"17","2010-03-14 00:00:00",0.0010147626428934,0.0142193000192578,0.0861082294097969,0.00161326645780648,0.000270323544915274,5.15143408093874e-05
"18","2010-03-21 00:00:00",0.00102335031925896,0.0144233678473082,0.0990151317507885,0.0016390250745472,0.000266672800221165,5.05602289685722e-05
"19","2010-03-28 00:00:00",0.00102788745078024,0.0145293421893314,0.113316522214014,0.00163917914544737,0.000258647529441675,4.87818025454449e-05
"20","2010-04-04 01:00:00",0.00102650836887117,0.0145302777905422,0.126860346598466,0.00161859890271805,0.000247315976204587,4.63911119202675e-05
"21","2010-04-11 01:00:00",0.00102264526920288,0.0144660598027985,0.129903144021302,0.00159757941563376,0.000235797666317007,4.3970940007655e-05
"22","2010-04-18 01:00:00",0.00102241616354384,0.0142816720781412,0.132665606044575,0.00155804312376629,0.000221779209895759,4.11039867226569e-05
"23","2010-04-25 01:00:00",0.00101822512245925,0.0139671048757158,0.136638519383122,0.00150328395241585,0.000206072645654715,3.79515192731807e-05
"24","2010-05-02 01:00:00",0.00100850521796773,0.0135300253306932,0.138648749500179,0.00145002768613423,0.000191088564374855,3.49613220933747e-05
"25","2010-05-09 01:00:00",0.000995103513654082,0.0129623146333966,0.129883041878836,0.00144737660823917,0.000182723603226956,3.31905770394539e-05
"26","2010-05-16 01:00:00",0.000983920052289411,0.0123555552305775,0.125004037720806,0.00145328793024534,0.000175376434895696,3.16153217983098e-05
"27","2010-05-23 01:00:00",0.000966306017805715,0.0116630788239721,0.122264620648575,0.00145509246829955,0.000167582964151501,2.99739774951256e-05
"28","2010-05-30 01:00:00",0.000939928100833696,0.01097946265424,0.124495696554245,0.00146267404743457,0.000160446241702665,2.8463377369026e-05
"29","2010-06-06 01:00:00",0.000908969567017301,0.0111517886164483,0.140847706883074,0.0015036253423409,0.000156517336950957,2.75214887188619e-05
"30","2010-06-13 01:00:00",0.000870769531371911,0.0112384905364855,0.146077759117941,0.00155495686404406,0.000153183062296377,2.66834254895463e-05
"31","2010-06-20 01:00:00",0.000825965073076314,0.0111679790561637,0.144476340684147,0.00158967213362157,0.00014792107850894,2.55134330319567e-05
"32","2010-06-27 01:00:00",0.000778176992097802,0.0109541908087052,0.125589105360259,0.00162913729196516,0.000142753787333647,2.43618711598706e-05
"33","2010-07-04 01:00:00",0.000731192643855528,0.010698051083434,0.108453157464882,0.00163857300209079,0.000134861637100784,2.27631986620282e-05
"34","2010-07-11 01:00:00",0.000690623940441457,0.0105032888716395,0.099075758660596,0.00168789586553153,0.000129070958022577,2.15270155840392e-05
"35","2010-07-18 01:00:00",0.000650168176647154,0.0105726827723878,0.0636383987392951,0.00185222899934682,0.000127920905869577,2.10237770983386e-05
"36","2010-07-25 01:00:00",0.000607266896283358,0.0107300956087238,0.0573820007832462,0.0021724088276389,0.000131320562162908,2.12098185458027e-05
"37","2010-08-01 01:00:00",0.000568953747966445,0.0113896184814025,0.0638195708595048,0.00265713235373441,0.000137642898454496,2.18112090711238e-05
"38","2010-08-08 01:00:00",0.000527788389239974,0.012459893231737,0.0527345300781223,0.00328409400198968,0.000143603091866895,2.22539682281309e-05
"39","2010-08-15 01:00:00",0.000494185232347262,0.0139827666775507,0.0465909315914566,0.00423570967911027,0.000148855430707162,2.24867770808117e-05
"40","2010-08-22 01:00:00",0.000469184174572337,0.01619627610033,0.0376695999706751,0.00561642414835726,0.000153095620941363,2.25049477296906e-05
"41","2010-08-29 01:00:00",0.000480816815772989,0.0189344528054,0.0320224984945557,0.00758629895175535,0.000156216355633757,2.23142051087834e-05
"42","2010-09-05 01:00:00",0.00048662912827536,0.0215441634106818,0.0291353442951877,0.0104790051666073,0.000160295201400697,2.22121445986723e-05
"43","2010-09-12 01:00:00",0.000483379054310549,0.0233531108527635,0.0259072298380327,0.0136139891239099,0.000164062869548629,2.20217530392314e-05
"44","2010-09-19 01:00:00",0.000474544842022228,0.0256112081764313,0.0244042347159131,0.0163074715875289,0.000165327462353862,2.14601337345016e-05
"45","2010-09-26 01:00:00",0.000467027662550806,0.0277887255999662,0.0242927662331869,0.019676416737475,0.000162784412066839,2.0392955384423e-05
"46","2010-10-03 01:00:00",0.000469178920832059,0.0302914935923959,0.0262243861850311,0.0217853651492324,0.000161861881484812,1.95218668242357e-05
"47","2010-10-10 01:00:00",0.000467953346300369,0.0333224040747038,0.0287276934423093,0.0210681559533067,0.000159933529119171,1.85269971703748e-05
"48","2010-10-17 01:00:00",0.000476068457300591,0.0362947651547014,0.0309338354970279,0.0205064920706133,0.000155300316875436,1.72465219940637e-05
"49","2010-10-24 01:00:00",0.000480155825275758,0.0382704040581794,0.0331288739228451,0.0199353354500454,0.000148343281030814,1.57655953820267e-05
"50","2010-10-31 01:00:00",0.000472724525614745,0.0386424512846479,0.0339367515583146,0.0218914617413691,0.000145364059759992,1.47474688979427e-05
"51","2010-11-07 00:00:00",0.000451480186861305,0.0361473804725915,0.0326330407559593,0.0266613338577714,0.000144581958806696,1.39598922478148e-05
"52","2010-11-14 00:00:00",0.000451370574480621,0.0299715416814291,0.0305727727321806,0.025665744123963,0.000143494340817853,1.31340324976245e-05
"53","2010-11-21 00:00:00",0.000428973433377243,0.0247493478314195,0.0312613488409067,0.0162044835308498,0.000137072149031057,1.18541824928018e-05
"54","2010-11-28 00:00:00",0.00040783075730402,0.0218435788053926,0.0281182013084959,0.0114088769928571,0.000134891464161716,1.09766795776829e-05
"55","2010-12-05 00:00:00",0.000384255787733153,0.0214618725504458,0.0275505499971107,0.00971675706598596,0.000141566129532174,1.08037940523842e-05
"56","2010-12-12 00:00:00",0.000378133519038719,0.020296022321709,0.0250883795070192,0.00932917925554725,0.000141407894338592,1.00900825489942e-05
"57","2010-12-19 00:00:00",0.000373912706661212,0.0198572663417367,0.0255356974850555,0.0114616673487234,0.000188309221972775,1.24812506475186e-05
"58","2010-12-26 00:00:00",0.000365733540253934,0.0198700230577449,0.0229325065061579,0.0132282480442482,0.000227320131502118,1.39500884038658e-05
"59","2011-01-02 00:00:00",0.000357847335831866,0.020341874353453,0.0211211107190415,0.014590237781683,0.000256953755167636,1.45392889672154e-05
"60","2011-01-09 00:00:00",0.000344024074749736,0.0217493183671726,0.0194331277488674,0.0139754719305103,0.000279198419329752,1.45041189048462e-05
"61","2011-01-16 00:00:00",0.000324217800058463,0.0256003544610643,0.0190606894859742,0.0130060645745241,0.000287116710388775,1.36300164170662e-05
"62","2011-01-23 00:00:00",0.000304035424623152,0.0303226554776076,0.0194720077758854,0.0121373817063725,0.000286863879822684,1.23750390829915e-05
"63","2011-01-30 00:00:00",0.000286084446790923,0.0343456609266618,0.0188515862406032,0.0124824669375898,0.000297800391301472,1.15655940290531e-05
"64","2011-02-06 00:00:00",0.000267848718855539,0.0339777075500321,0.0188660501387775,0.0118817454037766,0.000312677447933881,1.08675343546064e-05
"65","2011-02-13 00:00:00",0.000253179141488866,0.030349133189393,0.0212172781703685,0.0115103797061213,0.000329896602887892,1.01841033654857e-05
"66","2011-02-20 00:00:00",0.00023891530411563,0.0250934619188,0.0275201789488484,0.0130122171767294,0.000364677187458955,9.87959471839655e-06
"67","2011-02-27 00:00:00",0.000223228530598252,0.0198794858360141,0.028231600761317,0.0163033608711978,0.000418218157124554,9.82055294131994e-06
"68","2011-03-06 00:00:00",0.00020020530504724,0.0153047374818515,0.0248525982251449,0.0181858370828645,0.000477533540781327,9.63770641363644e-06
"69","2011-03-13 00:00:00",0.000188162724231858,0.0131650639924776,0.0224034793381306,0.0184714987270097,0.000524504888419034,9.01693234601952e-06
"70","2011-03-20 00:00:00",0.000175494192023113,0.0104276060175414,0.0267699567197783,0.0241459276913585,0.000633299835404942,9.20906547055659e-06
"71","2011-03-27 00:00:00",0.000161974955264034,0.0143864806116115,0.0257547436882084,0.0218100070385478,0.0007021108424974,8.78599243604862e-06
"72","2011-04-03 01:00:00",0.000146155210302889,0.0190041750409941,0.0238107246742957,0.0199054049542331,0.000806288836247677,8.50438503052755e-06
"73","2011-04-10 01:00:00",0.000142007718020817,0.0237859399279743,0.0241707111795027,0.0169539254772468,0.000964955366450873,8.33330470860991e-06
"74","2011-04-17 01:00:00",0.000137207692380651,0.0274883878485121,0.0244887710175825,0.0137068250766308,0.00117630859989436,8.20588584308683e-06
"75","2011-04-24 01:00:00",0.000131395009217533,0.0311614344208267,0.0182894550984482,0.011954114737044,0.00131710790704866,8.20536856574096e-06
"76","2011-05-01 01:00:00",0.000125883800885657,0.0366340697353779,0.015522467034126,0.0114408539095798,0.00124243328512203,8.17707888563352e-06
"77","2011-05-08 01:00:00",0.000120816109595151,0.0438205554818846,0.0144553506612114,0.0091767699626312,0.0010864965037158,7.76660013127299e-06
"78","2011-05-15 01:00:00",0.000112002864160825,0.0567099239081455,0.0182701228442371,0.00889125319664589,0.000920648152021728,7.1508432085727e-06
"79","2011-05-22 01:00:00",9.8839814724103e-05,0.0724187564427392,0.0193590791876367,0.00999077439826448,0.000867297556166004,7.05368792794644e-06
"80","2011-05-29 01:00:00",8.06670254857869e-05,0.0960772536295993,0.0163481465553535,0.00963137701136399,0.000835441962283215,6.91861251858284e-06
"81","2011-06-05 01:00:00",7.89314258867566e-05,0.106487575877093,0.0123966912806797,0.0114241471354362,0.000910249089582153,7.07103632239126e-06
"82","2011-06-12 01:00:00",7.29029801976992e-05,0.163856127665727,0.00800038276353422,0.00928047722151296,0.000949002906671982,7.08995788300059e-06
"83","2011-06-19 01:00:00",6.74787335202366e-05,0.345618157563222,0.00701969748983953,0.00769759316593523,0.000995313439003467,7.39239747972014e-06
"84","2011-06-26 01:00:00",6.60349986638674e-05,0.232067304051228,0.00812981428938128,0.00663607504137937,0.00108176049449313,7.58130083152216e-06
"85","2011-07-03 01:00:00",7.03129627638502e-05,0.164337790966029,0.0101854947625204,0.00591464411947783,0.000845654783485159,7.21224760854194e-06
"86","2011-07-10 01:00:00",7.26958599236899e-05,0.125634536424244,0.00963543833226795,0.00629273825110085,0.000769898721883433,7.66122501897469e-06
"87","2011-07-17 01:00:00",7.21282857519071e-05,0.110159906940408,0.00919144241372579,0.00591551480968697,0.000707144991571794,7.67642823805271e-06
"88","2011-07-24 01:00:00",7.33781571944035e-05,0.0766332459348077,0.00982417646059381,0.00539830078626446,0.000660219085110516,7.65151310720937e-06
"89","2011-07-31 01:00:00",7.35952584381624e-05,0.0507493958283133,0.00763662808285996,0.00552568837663726,0.000631841638824723,7.75017180196193e-06
"90","2011-08-07 01:00:00",7.56128740537677e-05,0.0600413658806631,0.00722814086402225,0.00576274983528232,0.000608505275602148,7.62179857616795e-06
"91","2011-08-14 01:00:00",7.96085693913794e-05,0.0603524074789252,0.00794878832694264,0.00768614689291552,0.000652489765777891,8.00943603500846e-06
"92","2011-08-21 01:00:00",8.26024943674467e-05,0.0550070608771607,0.00832650367305524,0.0107188971429157,0.000738799019259784,8.58554747262087e-06
"93","2011-08-28 01:00:00",7.94935791467917e-05,0.0484411335622942,0.00801994340831552,0.0135174504969904,0.000812652820306732,8.82234632843282e-06
"94","2011-09-04 01:00:00",8.52048345178839e-05,0.0586773337774643,0.00910769075195502,0.012757424258443,0.000873990232311916,9.24951016980576e-06
"95","2011-09-11 01:00:00",8.21593990506898e-05,0.0862345359672622,0.0108413058767743,0.0133930838338182,0.000944389516904086,9.50678032525465e-06
"96","2011-09-18 01:00:00",8.08970082691804e-05,0.0782343093460419,0.0126640846497386,0.0148296591318421,0.00103237125152622,9.63039186267597e-06
"97","2011-09-25 01:00:00",7.73927706898786e-05,0.0684716412384984,0.0155864195539679,0.0178084227280683,0.00110259844622895,9.51832060013202e-06
"98","2011-10-02 01:00:00",7.50750250136635e-05,0.0655984515823232,0.018004198760895,0.0179865211867264,0.00104014380832083,9.23387910214356e-06
"99","2011-10-09 01:00:00",7.95111161699517e-05,0.0583532247323337,0.0119946857089924,0.0109792093243205,0.000938849845875606,8.57425776286455e-06
"100","2011-10-16 01:00:00",8.14486927614708e-05,0.0683101736141071,0.00923375199832582,0.00898726202878674,0.000924944699647586,8.38324453464596e-06
"101","2011-10-23 01:00:00",8.36703329129104e-05,0.0753326132871442,0.007718743351476,0.00968158501589663,0.000941176785499723,8.57311142825462e-06
"102","2011-10-30 01:00:00",9.01282717036099e-05,0.0762561087525068,0.00668830474091877,0.0102569690434203,0.00100234923849289,9.13621988368239e-06
"103","2011-11-06 00:00:00",9.86786090921371e-05,0.0669368155893986,0.00633733167802281,0.00960926549851503,0.00106495640865588,9.39396902465659e-06
"104","2011-11-13 00:00:00",0.000106273268494724,0.0702096927804225,0.00570618981915339,0.00808008091929887,0.0010762862486339,9.10654065967394e-06
"105","2011-11-20 00:00:00",0.000110331058028375,0.0644485705945225,0.00538278478468264,0.00739377712147454,0.00102785975701343,9.09307037354048e-06
"106","2011-11-27 00:00:00",0.000117809740629509,0.0512782453480194,0.00555374208174976,0.00733434245392775,0.000979064858446364,8.92308722208558e-06
"107","2011-12-04 00:00:00",0.000123566911011953,0.0313209662114663,0.00560406414111041,0.00750313829823585,0.000906949666446847,8.36410033291739e-06
"108","2011-12-11 00:00:00",0.000126582883568197,0.0321021279138293,0.00480588600980129,0.00748007482490623,0.000779955475992355,7.2014440935774e-06
"109","2011-12-18 00:00:00",0.000129405847953504,0.0352645007608758,0.00531609948524091,0.00882179310338687,0.000869773670636796,8.12191455783658e-06
"110","2011-12-25 00:00:00",0.000132381746545516,0.0406451338299522,0.00510057544670554,0.00844025335164366,0.000857857483189685,8.0333742196779e-06
"111","2012-01-01 00:00:00",0.000141595426023099,0.0401382875123811,0.00448437693586945,0.00716256643986231,0.000831236992296859,7.72505453526301e-06
"112","2012-01-08 00:00:00",0.000154832638576405,0.032412311603202,0.00406634635670238,0.00616998419507759,0.000811144381748965,7.3848372448795e-06
"113","2012-01-15 00:00:00",0.000168206127373454,0.0375306345552553,0.00374513826956837,0.00528552583773282,0.000774013043533988,6.78120418787947e-06
"114","2012-01-22 00:00:00",0.000175136158892983,0.0646929793203498,0.00400053544987904,0.00508104175753304,0.000788818308649329,6.4879124552043e-06
"115","2012-01-29 00:00:00",0.000176924254287942,0.0842055143209859,0.00510366384904742,0.00616411484307795,0.000900200657439904,6.66257650716793e-06
"116","2012-02-05 00:00:00",0.000175312789125405,0.0990194230133321,0.00623825522930799,0.00751972296291235,0.00107050896615992,6.97517778958564e-06
"117","2012-02-12 00:00:00",0.000170469236288616,0.0988445320914586,0.00747812165812845,0.00877053471156189,0.00130619055091322,7.33700394263149e-06
"118","2012-02-19 00:00:00",0.000167710828991253,0.0777420514004962,0.00651494751196553,0.00770341444190016,0.00163532348474609,7.68336951849173e-06
"119","2012-02-26 00:00:00",0.00016489594692783,0.051614834804922,0.0061405751622011,0.00712949012650074,0.00219998537061676,8.80693124174066e-06
"120","2012-03-04 00:00:00",0.000167045259596367,0.0817013758404809,0.00517094804762864,0.00555233613571642,0.00278373427155137,9.31444070122042e-06
"121","2012-03-11 00:00:00",0.000177073043604368,0.0829415663712863,0.00463245661924331,0.00470901423069653,0.00355873603842974,9.19034771347884e-06
"122","2012-03-18 00:00:00",0.000185420542662778,0.0647613974198135,0.00557051290645986,0.00508793633040481,0.00531322248576129,9.8098826163437e-06
"123","2012-03-25 00:00:00",0.000188528679457309,0.0496922180884581,0.006275002688786,0.00584784365642428,0.00862803371570556,1.00708402289225e-05
"124","2012-04-01 01:00:00",0.000184080299755703,0.0399938387691413,0.00697864167816157,0.0069733537453649,0.0155023340427932,1.01097000339333e-05
"125","2012-04-08 01:00:00",0.000184245591931028,0.0330648408926422,0.00731648980078696,0.00669514757885654,0.0149789299969794,1.0010774634677e-05
"126","2012-04-15 01:00:00",0.000189908296205879,0.0408682622337623,0.00764792838016176,0.00599148111522913,0.00948964455086582,9.76102870794398e-06
"127","2012-04-22 01:00:00",0.000205444685791245,0.0416736977454183,0.0085949468406248,0.00611130449095634,0.00694209722557079,9.99175774001178e-06
"128","2012-04-29 01:00:00",0.00022489708154861,0.0285652985935098,0.00846454545528844,0.00674040070775732,0.00536411189627564,1.01581144124414e-05
"129","2012-05-06 01:00:00",0.000239695971037586,0.0143862052672042,0.00790376461143441,0.00764433808412584,0.00438439577496878,9.94096121303636e-06
"130","2012-05-13 01:00:00",0.00024841140362256,0.0343933476959179,0.00697103967491546,0.00778691379788645,0.00418519120031661,9.68898919247716e-06
"131","2012-05-20 01:00:00",0.000248616837895138,0.049644412300767,0.00701944281406061,0.00860577029676546,0.00488469430586127,1.00899399498433e-05
"132","2012-05-27 01:00:00",0.000228601272581412,0.0843801561017626,0.00788468916330538,0.0109518185170524,0.00629332379718991,1.05226806404744e-05
"133","2012-06-03 01:00:00",0.000262837713247746,0.113446392430982,0.00883329785329959,0.0139249690974815,0.00748569267477384,1.0645818009506e-05
"134","2012-06-10 01:00:00",0.000289497386174747,0.0875573265837665,0.00946460730464703,0.0127176578237124,0.01081860904328,1.08382640609828e-05
"135","2012-06-17 01:00:00",0.000323694965745788,0.0715283310894029,0.00927453719917929,0.0124186129248682,0.0163665690068096,1.07514993121723e-05
"136","2012-06-24 01:00:00",0.000364629116048878,0.0627972514906854,0.00962247319870733,0.0126645344608108,0.0145413422431935,1.12521098272446e-05
"137","2012-07-01 01:00:00",0.000406415107753576,0.044055483709754,0.010359846257062,0.0129566343197988,0.0134070843108267,1.1705645343126e-05
"138","2012-07-08 01:00:00",0.000448494641884257,0.023434124918551,0.0110779146028887,0.0126948264053743,0.013133419462069,1.20178480962183e-05
"139","2012-07-15 01:00:00",0.000497915292478766,0.0201109932599632,0.011067450728528,0.01271452804125,0.0102107971829662,1.20007829049482e-05
"140","2012-07-22 01:00:00",0.000556913841471341,0.0127777090634576,0.0106186220394774,0.0156487846212413,0.00899310889671691,1.20129782357894e-05
"141","2012-07-29 01:00:00",0.000617512201937678,0.0120199710390224,0.0107357398144556,0.0214433713183305,0.00886128264415817,1.19343012495849e-05
"142","2012-08-05 01:00:00",0.000698737598697783,0.0180266123827054,0.0117788551152398,0.0177507910224507,0.00847123193856415,1.16882951733995e-05
"143","2012-08-12 01:00:00",0.00081378099170495,0.0163174861662778,0.0136895391009554,0.0140373922582437,0.00882632780296744,1.17707228847508e-05
"144","2012-08-19 01:00:00",0.000938557706099434,0.0137677316443235,0.0136743110550867,0.0108459438598488,0.00963916990963501,1.19765393314435e-05
"145","2012-08-26 01:00:00",0.00104213251666712,0.0143720660254092,0.0132396682828263,0.00947961090035825,0.0103067171634293,1.18940515321877e-05
"146","2012-09-02 01:00:00",0.00108459326634599,0.0165172345800454,0.0123251412524106,0.00856456498558228,0.00959213636610375,1.14914935152745e-05
"147","2012-09-09 01:00:00",0.00115557254896887,0.0140569323793021,0.010800593636739,0.00826607868743235,0.00999685398374369,1.11751346730326e-05
"148","2012-09-16 01:00:00",0.0013101560148272,0.0132719258168191,0.011003166965268,0.00823476236117341,0.0117797912753294,1.08621144835993e-05
"149","2012-09-23 01:00:00",0.00146451410010681,0.00745182297836834,0.010602497756564,0.00702654651016783,0.0143708640616122,1.07654601776284e-05
"150","2012-09-30 01:00:00",0.00161037423490305,0.0133557499801799,0.0137340107946047,0.00806496231346703,0.0215175113776876,1.19414087046372e-05
"151","2012-10-07 01:00:00",0.00177870146431309,0.018541795644889,0.0173426662536555,0.0121929979920188,0.0198200654005155,1.35335491491779e-05
"152","2012-10-14 01:00:00",0.00210433793623036,0.0218835304837285,0.0255723465671661,0.0221055967169456,0.0216534737057519,1.50100930793938e-05
"153","2012-10-21 01:00:00",0.00285281771502973,0.0265223601029644,0.0377832152027098,0.0339490066477415,0.0250213573851237,1.53176410225067e-05
"154","2012-10-28 01:00:00",0.00387943905040207,0.0330325130607399,0.0247564586266561,0.0234611124079663,0.0191370343519052,1.69548417748051e-05
"155","2012-11-04 00:00:00",0.00508757621454384,0.0423523968793084,0.018814093170488,0.0189325351069818,0.0161903877969853,1.79868276491054e-05
"156","2012-11-11 00:00:00",0.00654540843049373,0.0594976044945942,0.0154610052431686,0.0155278203819379,0.0132484286932774,1.83664923254317e-05
"157","2012-11-18 00:00:00",0.00834746972494895,0.0877812703970721,0.0130743357939147,0.0117123824762798,0.0106356354976201,1.83055665388993e-05
"158","2012-11-25 00:00:00",0.0103114832133186,0.116646232730681,0.0113883825664778,0.00959791353354647,0.00908968117095377,1.78162644662039e-05
"159","2012-12-02 00:00:00",0.0130753724630831,0.105654691639307,0.0111078358845119,0.00949376637755669,0.00911059405692557,1.74995034298092e-05
"160","2012-12-09 00:00:00",0.0164252709235467,0.0832364224582217,0.0108147170451663,0.0102456547691803,0.00925771635705527,1.65495521337266e-05
"161","2012-12-16 00:00:00",0.0172497649505024,0.0560416012468001,0.0139153806535465,0.0142422966988969,0.0104600739343306,1.76732478433174e-05
"162","2012-12-23 00:00:00",0.019120790655044,0.03399934508811,0.0169831957497872,0.0183035790922175,0.0121885173732658,1.82728848786994e-05
"163","2012-12-30 00:00:00",0.0191819129052419,0.0212103610088546,0.0149031708936483,0.0150595768453801,0.0161004263378785,1.86004725230451e-05
"164","2013-01-06 00:00:00",0.0210859918157304,0.0119345796259305,0.0132318922934725,0.0127755405142829,0.0231628747132,1.88134508168408e-05
"165","2013-01-13 00:00:00",0.0238928586516094,0.017380475104266,0.0123576643419383,0.0126373917022855,0.0303196644038733,1.87751211938931e-05
"166","2013-01-20 00:00:00",0.0215206560838297,0.0326463980768411,0.0130564916295709,0.0136010386725941,0.0394279997493683,1.82752973842678e-05
"167","2013-01-27 00:00:00",0.0251503195712361,0.056072225611427,0.0129621489455616,0.011522363085702,0.0470374997841188,1.70271532172727e-05
"168","2013-02-03 00:00:00",0.015095512562846,0.0916000730973568,0.0125361090361129,0.0081708147936277,0.0286489818386436,1.62729012553359e-05
"169","2013-02-10 00:00:00",0.00936405760815294,0.118344366317096,0.0126203147929556,0.0063964792743112,0.0168092141664458,1.56115965893862e-05
"170","2013-02-17 00:00:00",0.00637285218766637,0.128532178976517,0.0119572859547081,0.00525471727408919,0.0113797238509069,1.47506477294825e-05
"171","2013-02-24 00:00:00",0.00550082456239413,0.0965890558239883,0.013514473924171,0.00417838467794413,0.00883443470499095,1.39596287954071e-05
"172","2013-03-03 00:00:00",0.00459693077789853,0.047638576513709,0.0153019559226227,0.00331853468944183,0.00670517343925395,1.35196219603051e-05
"173","2013-03-10 00:00:00",0.00334694196299958,0.0411568339386686,0.0101680207313612,0.00283085764904543,0.0064965803581869,1.3639331433064e-05
"174","2013-03-17 00:00:00",0.00267502741151781,0.0518917370497136,0.00740403161022185,0.00282830721014028,0.00718338679839256,1.45580088656532e-05
"175","2013-03-24 00:00:00",0.00202553076096418,0.0733092351554212,0.00646008482149615,0.00297155739923911,0.00855230298485604,1.58223020865678e-05
"176","2013-03-31 00:00:00",0.00148643336761585,0.109770097996999,0.00628589248297896,0.00329645495894029,0.0115355180906173,1.74889036850555e-05
"177","2013-04-07 01:00:00",0.00120723153326004,0.139720495997151,0.00631008110845638,0.0035192866128498,0.014005765215489,1.89293924577344e-05
"178","2013-04-14 01:00:00",0.00107960052031573,0.0970591475021993,0.00676652437260799,0.00339934243058628,0.0127218017429217,1.97000813306652e-05
"179","2013-04-21 01:00:00",0.00108442750354349,0.062941290473324,0.00682076694575725,0.00343878840936658,0.0133675073705929,2.02287593768701e-05
"180","2013-04-28 01:00:00",0.00108861102370348,0.0640351327627817,0.00674504378173462,0.00376529183780875,0.0144727623702749,2.11136123141143e-05
"181","2013-05-05 01:00:00",0.00109192353382828,0.0826356611936098,0.00606783300477997,0.00419199493588375,0.0129554226053095,2.05342182853957e-05
"182","2013-05-12 01:00:00",0.00108171763616672,0.112110040605666,0.00534633128857823,0.00454282874682272,0.0143367073037354,2.00149558287153e-05
"183","2013-05-19 01:00:00",0.00108430839331458,0.0797235362949829,0.00502256227043237,0.00444432429360112,0.0123720705781692,2.07269559968846e-05
"184","2013-05-26 01:00:00",0.0012764184979729,0.063206345373136,0.00480033922052919,0.0048132992200983,0.0125926832613479,2.1718858623853e-05
"185","2013-06-02 01:00:00",0.00171253036743679,0.0457066300451317,0.00453632610131566,0.00526312097399576,0.0125943800844212,2.25905864371203e-05
"186","2013-06-09 01:00:00",0.00195255149003166,0.0404921161946984,0.00489931266344773,0.00686371706116854,0.0116979018299331,2.41768335559443e-05
"187","2013-06-16 01:00:00",0.00270146968707071,0.0381571683401187,0.00546123024697007,0.00914851101795992,0.0113003338569066,2.56727649596056e-05
"188","2013-06-23 01:00:00",0.00378996932063811,0.0324896806312099,0.00549518959122777,0.0125403047253144,0.0104362195657297,2.68960576100547e-05
"189","2013-06-30 01:00:00",0.00518692249362191,0.0278472150609199,0.00629367699369152,0.0149012205521877,0.0106232035888764,2.83587233937502e-05
"190","2013-07-07 01:00:00",0.00737718962771786,0.0283274142600162,0.00743752158889365,0.0161036235610088,0.011562063839919,3.02833033161365e-05
"191","2013-07-14 01:00:00",0.00968741394761501,0.0328286650075203,0.00745396144405253,0.013526590968377,0.0118913316753654,3.25037856739103e-05
"192","2013-07-21 01:00:00",0.0107197582814109,0.0278449731656459,0.00738088891127744,0.0134825990917875,0.0141252144426414,3.53041567080026e-05
"193","2013-07-28 01:00:00",0.0114980349024386,0.0281553291848682,0.0081275568212348,0.0151969308919421,0.0183762344290709,3.74993565718054e-05
"194","2013-08-04 01:00:00",0.0109521481205094,0.0247088489446158,0.00810087269843909,0.0171917767111594,0.0238226922429541,3.82415957145696e-05
"195","2013-08-11 01:00:00",0.0111444175483452,0.0217117013000204,0.00660362635340373,0.0128778533700068,0.0201016613190528,3.7415632998481e-05
"196","2013-08-18 01:00:00",0.0131186901793729,0.0223293603320751,0.00539284354450855,0.00907061001058857,0.0149504172764285,3.76563771489745e-05
"197","2013-08-25 01:00:00",0.0153774051710495,0.0217132460628681,0.0042551704134392,0.00645217198612181,0.0123149382032798,3.66864346878479e-05
"198","2013-09-01 01:00:00",0.0164532911202545,0.0197830027403264,0.00370555137091875,0.00513212490718833,0.0120353575866458,3.71903911899321e-05
"199","2013-09-08 01:00:00",0.0185531158119358,0.0163690593321991,0.00385689980749519,0.00520282039592798,0.0155639447832747,4.21796509135339e-05
"200","2013-09-15 01:00:00",0.0144783868770913,0.013164790633512,0.00433427655462605,0.00574245786559025,0.0206994687096793,4.79364181064026e-05
"201","2013-09-22 01:00:00",0.0129613151942102,0.0105438843990649,0.00447319614303304,0.00592330895577814,0.0196200080058618,5.07113625778927e-05
"202","2013-09-29 01:00:00",0.0148385889739218,0.00702177166847295,0.00450477772155162,0.00609693583087639,0.0160917356250921,5.40746180295488e-05
"203","2013-10-06 01:00:00",0.014993205148282,0.00754161041033811,0.00464586652681033,0.00601937469152488,0.015215334575246,5.65869147338216e-05
"204","2013-10-13 01:00:00",0.0113737907651628,0.00883327027591996,0.00572297066841846,0.00694273744747051,0.0176732992382365,6.59571784338136e-05
"205","2013-10-20 01:00:00",0.00809319688443897,0.00928742320289534,0.0059891750847224,0.00556317300160523,0.0181212399855488,7.2582778091655e-05
"206","2013-10-27 01:00:00",0.00583964967118151,0.00961089703229558,0.00606673505978615,0.00422523600905544,0.0141464789914069,7.58479153285569e-05
"207","2013-11-03 00:00:00",0.00465434248199962,0.010369190530458,0.00594128383377579,0.00339524531697456,0.0102264331939212,7.67895808457685e-05
"208","2013-11-10 00:00:00",0.00349401112889536,0.0125228610736542,0.0057728464425371,0.00295127299129278,0.00794562515798937,7.74303681156294e-05
"209","2013-11-17 00:00:00",0.00324886524772668,0.0179683801774591,0.00525941194076695,0.00293390976524881,0.00679524598328221,8.11341680951253e-05
"210","2013-11-24 00:00:00",0.00318687805568598,0.0244184906283036,0.00551688652347844,0.00310030510317778,0.00673458175272186,8.96781635478426e-05
"211","2013-12-01 00:00:00",0.00238807854059152,0.0259564203049401,0.0065637584761432,0.00322556722781107,0.00788750050240591,0.000101443534777612
"212","2013-12-08 00:00:00",0.00169313646194803,0.0251817405418841,0.00720760472884234,0.00348479420900085,0.00831105318492127,0.000112990924647965
"213","2013-12-15 00:00:00",0.00129122936259304,0.0221167444483498,0.0061930926719017,0.0033607534286957,0.00894718129758618,0.000123309941070387
"214","2013-12-22 00:00:00",0.00101414036250544,0.0183353011353591,0.00540940430676403,0.00374783384646103,0.00945407722792384,0.000138956920067038
"215","2013-12-29 00:00:00",0.000825118391942381,0.0143061800629233,0.00478957913821627,0.00438692226299253,0.00930352304885444,0.000161740163461361
"216","2014-01-05 00:00:00",0.000657959436606266,0.0113751432373797,0.00380806127281787,0.00402207671255564,0.00904574211698456,0.00017796311199372
"217","2014-01-12 00:00:00",0.00052003472781551,0.00991149651761871,0.00358495985040199,0.00412057440109765,0.00756980593632038,0.000206395391536123
"218","2014-01-19 00:00:00",0.00040557753646488,0.0158655536893226,0.00384683256823153,0.00443900780968678,0.00766586673785766,0.000243887515230198
"219","2014-01-26 00:00:00",0.000304885212881793,0.0317963117804026,0.00418525176773463,0.00467875467980729,0.00790230343735235,0.000291045863695268
"220","2014-02-02 00:00:00",0.000288144034486315,0.0830743325521485,0.00460951459566088,0.00560311229026515,0.00840151286607616,0.00036184214482204
"221","2014-02-09 00:00:00",0.000255987975033895,0.181132179986384,0.00532001275252294,0.00715092037177709,0.0108180517975672,0.000433077830723592
"222","2014-02-16 00:00:00",0.000226907712863371,0.280192615743273,0.00619663631619499,0.0109873018666187,0.016137274232055,0.000576616447401303
"223","2014-02-23 00:00:00",0.000181883824865831,0.380301326207482,0.00524858928082749,0.00868704452453446,0.00987616683635975,0.000739710247929789
"224","2014-03-02 00:00:00",0.00016906887797948,0.214151600903732,0.00526790913155081,0.00750319777053669,0.0110153958481451,0.00103179576059219
"225","2014-03-09 00:00:00",0.000158255235715251,0.163842975057293,0.00448583660885443,0.00775903684149106,0.018388292112059,0.00147201440902591
"226","2014-03-16 00:00:00",0.000160659613437577,0.120792918343042,0.00365123032955836,0.00595351474065,0.0157644361991805,0.0013382734696991
"227","2014-03-23 00:00:00",0.000152850755586041,0.109288740043106,0.00336172766302075,0.00550394511072944,0.0218749337803179,0.00126461251726626
"228","2014-03-30 00:00:00",0.000147978811234394,0.0810947429200277,0.0028843788835337,0.00458020189276999,0.0114618407157643,0.00121128115297519
"229","2014-04-06 01:00:00",0.00013871265777545,0.0692987117259625,0.00275603625824323,0.00386776713424693,0.00847629214924656,0.00093958218839138
"230","2014-04-13 01:00:00",0.000134565655423184,0.0618722238699389,0.00300831887653485,0.00344349118972334,0.00868667509796149,0.000783128832961497
"231","2014-04-20 01:00:00",0.000128830706526546,0.0606482467245067,0.00286647678006827,0.00296555260470389,0.00750245415922607,0.000590102925218581
"232","2014-04-27 01:00:00",0.00012320660238185,0.0510850154168552,0.00308151726507067,0.00328545449294975,0.00711095718349704,0.000543362755730255
"233","2014-05-04 01:00:00",0.000125212237045013,0.0412957919094089,0.00351031017099483,0.00376116803516941,0.00799885804808597,0.00056020529245968
"234","2014-05-11 01:00:00",0.000127699557822982,0.0433426891871051,0.00341626825487545,0.0032872692221908,0.00766782798426901,0.000502024227957309
"235","2014-05-18 01:00:00",0.000126301196635205,0.0521283404264218,0.0038701185063143,0.00288607934078058,0.00709449658744665,0.000439963455455445
"236","2014-05-25 01:00:00",0.000113197500014167,0.0754687646862019,0.004236676900766,0.00266604428145536,0.00714512310373556,0.000393255962063555
"237","2014-06-01 01:00:00",0.000111342732880831,0.0630824429866464,0.00387596558147079,0.0025284243386725,0.00682158078491079,0.00034059690270165
"238","2014-06-08 01:00:00",0.000102635255814066,0.0345337109592245,0.0026528183342875,0.0021994678561243,0.00504935966872495,0.000260660820335777
"239","2014-06-15 01:00:00",9.64437817101992e-05,0.023929430211914,0.00237744768552154,0.00223258157236053,0.00451538898612705,0.000230337921503737
"240","2014-06-22 01:00:00",9.49427129610738e-05,0.022409786752841,0.00318534669388649,0.00318773632976471,0.00686396364006879,0.000255886770114933
"241","2014-06-29 01:00:00",8.9282341457046e-05,0.0264576130101647,0.00503993111509336,0.00493444096161629,0.0107699996054421,0.000295807831818016
"242","2014-07-06 01:00:00",9.68751127152611e-05,0.0384748894192984,0.00621126353647398,0.00554705693278883,0.0145320351086591,0.00031871329157945
"243","2014-07-13 01:00:00",9.22821314278224e-05,0.0437590467090431,0.00519790259105619,0.00388181947199379,0.0129664805596614,0.000327637765698966
"244","2014-07-20 01:00:00",8.61979404171504e-05,0.0440515967849165,0.00430196084884865,0.00267030229601146,0.00966012181461209,0.00031438304069557
"245","2014-07-27 01:00:00",8.76762270509282e-05,0.0344628457426652,0.00426437071617479,0.00216356385301918,0.00835701725399658,0.000312961281429359
"246","2014-08-03 01:00:00",8.65222444849487e-05,0.0211179365343377,0.00485680512915321,0.00203927913028432,0.00888321658393994,0.00032593041306705
"247","2014-08-10 01:00:00",8.30436706231108e-05,0.0145299881626455,0.00560258877645236,0.00194133634953866,0.00972983204367567,0.000337637583324801
"248","2014-08-17 01:00:00",8.03582977565022e-05,0.0140765021592947,0.00607194024272972,0.00163366875403715,0.00755970834183937,0.000335252787459053
"249","2014-08-24 01:00:00",8.4382815332102e-05,0.0130004327696274,0.00500642202171111,0.0014187658227789,0.00668276596284017,0.000350283127421898
"250","2014-08-31 01:00:00",8.90777738419996e-05,0.0110905414449474,0.00430185692910584,0.00126516078739707,0.00612131500498807,0.000342704424663569
"251","2014-09-07 01:00:00",9.31752257237209e-05,0.0106459187298435,0.00319111542668644,0.00111584229713269,0.00535660847895782,0.00031521639849744
"252","2014-09-14 01:00:00",9.38688324692762e-05,0.0118664977330074,0.00271814639781596,0.00107273432243683,0.0055105702115244,0.000289866334831884
"253","2014-09-21 01:00:00",9.34412158736964e-05,0.0119514849734918,0.00284832746552581,0.00110442612954298,0.00702472656264345,0.000287804446480001
"254","2014-09-28 01:00:00",9.21380031393674e-05,0.011820414678348,0.0032943488596579,0.00126078830313274,0.00869532509004424,0.000317311211152292
"255","2014-10-05 01:00:00",9.02738373243469e-05,0.0120156405027717,0.00336721777208548,0.00128532350274552,0.00707293244401413,0.000343631855244663
"256","2014-10-12 01:00:00",9.21010203924167e-05,0.0110261986372893,0.00345559055465582,0.00128275893914197,0.0054305955125405,0.0003668627827234
"257","2014-10-19 01:00:00",9.21020525079681e-05,0.011411060018401,0.00341471573459207,0.00122528140316411,0.00425915455846149,0.00037514866211942
"258","2014-10-26 01:00:00",9.02825666085791e-05,0.0105656229837196,0.00335924787653321,0.00126167060018582,0.00444859401575916,0.000377589238380189
"259","2014-11-02 00:00:00",8.8665856644762e-05,0.0112931508338288,0.00434383324310669,0.00170824992463378,0.00608247188103987,0.000482550895460897
"260","2014-11-09 00:00:00",8.88291732885829e-05,0.0151858887770763,0.00508609466450405,0.0020575111084646,0.00778573731286385,0.000559081194499991
"261","2014-11-16 00:00:00",9.00148407839222e-05,0.0199487091627726,0.0047092199828589,0.0020884707460991,0.00768815533525512,0.000585480267067137
"262","2014-11-23 00:00:00",9.54100470935987e-05,0.0205516656274499,0.00452117836944475,0.00214695991720293,0.00707174904659557,0.00059981418270358
"263","2014-11-30 00:00:00",9.67797691809748e-05,0.0230847609022681,0.00455590714270413,0.00213074969465501,0.00694469970957644,0.000629483773701909
"264","2014-12-07 00:00:00",9.25678093642215e-05,0.0217810617952813,0.00467731978446628,0.00224714020198549,0.00679748882873572,0.000647615676508706
"265","2014-12-14 00:00:00",8.93854768764994e-05,0.0253437763012383,0.00413657744364776,0.00232001696935908,0.00525272710557495,0.000643320487026779
"266","2014-12-21 00:00:00",8.44052892052884e-05,0.0308577690775523,0.00328555295059948,0.00213467214166101,0.00349388335510965,0.000550238923501897
"267","2014-12-28 00:00:00",7.99920943859346e-05,0.0371284620822044,0.00373808488023463,0.00271945063285044,0.00362122585846998,0.000630648346459195
"268","2015-01-04 00:00:00",8.05506576386984e-05,0.0414582773682205,0.00448276630672491,0.00378930486641001,0.00398514732035534,0.000641493506702297
"269","2015-01-11 00:00:00",8.03117985966358e-05,0.0453326449228589,0.00429454551441183,0.00350022902628492,0.00372565138340673,0.00062588142365353
"270","2015-01-18 00:00:00",7.89127185109134e-05,0.0366120533083922,0.00378104467952948,0.00280844576763266,0.0031670923515583,0.000575057938462711
"271","2015-01-25 00:00:00",7.72584061922006e-05,0.0247851496087743,0.00377727931540508,0.00250215400177346,0.00296154813941624,0.000553579859615015
"272","2015-02-01 00:00:00",7.84372462640265e-05,0.0198313095002889,0.00391609276753805,0.00232281428081989,0.00305163153708103,0.000533974547814874
"273","2015-02-08 00:00:00",7.71046529149148e-05,0.0276968920035691,0.00455534806741794,0.00241671731725358,0.00381685822789492,0.000551331943528591
"274","2015-02-15 00:00:00",7.25973602067898e-05,0.0377123111130892,0.00560463245246253,0.0025694226007493,0.00473603312713453,0.0005778326825071
"275","2015-02-22 00:00:00",8.03573907632894e-05,0.0463561775800322,0.00725032399000679,0.00287518870287744,0.00585237440867679,0.000619417534364608
"276","2015-03-01 00:00:00",8.17970749046147e-05,0.0345003952571572,0.0102728281157173,0.00318583600987531,0.00590799537917603,0.000689315720962752
"277","2015-03-08 00:00:00",8.65295220360605e-05,0.0309891977489805,0.00893104709249386,0.0036160700377619,0.0055228814618375,0.000706807898579879
"278","2015-03-15 00:00:00",9.46857847386821e-05,0.0230829912514145,0.00743362389985256,0.00388457246811718,0.00496778805195397,0.000687276293294446
"279","2015-03-22 00:00:00",9.2251038483575e-05,0.0204696444320091,0.00620038528465749,0.00422863761580875,0.00449360883277758,0.00064998821003086
"280","2015-03-29 00:00:00",9.4313449084028e-05,0.0169267150544128,0.00502218742669265,0.00428279838729694,0.00359340974224802,0.000522404629738812
"281","2015-04-05 01:00:00",9.51319735972126e-05,0.0258545549373897,0.00667247273553774,0.00654882389300209,0.0043387347867933,0.000603040023881762
"282","2015-04-12 01:00:00",9.76304016786953e-05,0.0423660994903895,0.00703648828421911,0.00665721679675088,0.00519679888734232,0.000588007495515614
"283","2015-04-19 01:00:00",0.00010097473324952,0.0524729899455267,0.00611253224781265,0.00600837896978105,0.00576270226674041,0.00056595384040053
"284","2015-04-26 01:00:00",0.00010562558608425,0.0312068313598615,0.00546663029326676,0.00571049069518999,0.00604907807182932,0.000557331341208233
"285","2015-05-03 01:00:00",0.000105796466247773,0.0230804692483362,0.00486299888398249,0.00460115264473766,0.00604022639558169,0.000540031317282728
"286","2015-05-10 01:00:00",0.000101359116695081,0.0189208481374524,0.00512368783121332,0.00398350926985251,0.00621540143814092,0.000558183934749932
"287","2015-05-17 01:00:00",0.000103158919189585,0.016452060498665,0.00494036391810268,0.00320447597431193,0.00517177035048542,0.000511499954558013
"288","2015-05-24 01:00:00",0.000103158428814935,0.0106533084486698,0.00513905354810271,0.00307524118216423,0.00502730555799247,0.000536396504758703
"289","2015-05-31 01:00:00",9.82177762385074e-05,0.00951671677743565,0.00506961413746964,0.00283410641476079,0.00361746584441375,0.000493062436239531
"290","2015-06-07 01:00:00",9.21137105946726e-05,0.007186271070627,0.00527139785972109,0.00257987530193682,0.00291285511285777,0.000470002820782657
"291","2015-06-14 01:00:00",8.38012508798815e-05,0.00746966221006649,0.00588368806591033,0.00254193108471864,0.002643892543789,0.00046614472909702
"292","2015-06-21 01:00:00",7.82173282074099e-05,0.00708076524470121,0.00689432672454679,0.00238454204291263,0.00224416591519097,0.000477288581956574
"293","2015-06-28 01:00:00",7.9620863265541e-05,0.00846033501876214,0.00675938427099689,0.00224635376994513,0.00190255370054865,0.000475713321173216
"294","2015-07-05 01:00:00",8.2530481655539e-05,0.0098924346338924,0.00457002978529634,0.00192071660089799,0.00151773915715845,0.000423920579821429
"295","2015-07-12 01:00:00",8.51408261291872e-05,0.0148810300685377,0.00480986474084091,0.00265410950879894,0.00186705199483639,0.00054744299980851
"296","2015-07-19 01:00:00",8.61103685470634e-05,0.0231397796645802,0.00488230511223003,0.00388957361252934,0.00245437102978045,0.000717637763646738
"297","2015-07-26 01:00:00",8.68698945943725e-05,0.0351625309626079,0.00482974256869877,0.00452416846375591,0.00265775319249977,0.000804042797110634
"298","2015-08-02 01:00:00",8.22961560134422e-05,0.0395562208025131,0.0046015281215807,0.00387855030900221,0.00231130915844655,0.000882054893289192
"299","2015-08-09 01:00:00",8.03488839835092e-05,0.0268481312206234,0.00444341431704812,0.0032228221602191,0.00207157351548031,0.000925941512520383
"300","2015-08-16 01:00:00",7.64521067863447e-05,0.0182235621824204,0.00376684915502332,0.0025395642287665,0.00185026889201651,0.000806473578864268
"301","2015-08-23 01:00:00",7.39614868778162e-05,0.0141789060316995,0.00310454225771157,0.00234684416801433,0.00172041400101197,0.000741073234165408
"302","2015-08-30 01:00:00",7.272083112088e-05,0.013032625666281,0.00287096788902079,0.00234399275993455,0.00179282018278699,0.000781323354644224
"303","2015-09-06 01:00:00",7.23071409082702e-05,0.0142849103348419,0.00279159608818191,0.00261897338821213,0.00207434831683598,0.000896032805917823
"304","2015-09-13 01:00:00",6.95788950403072e-05,0.0164484711279119,0.0028272326164717,0.00298438139847382,0.00277101517537243,0.00114189502773174
"305","2015-09-20 01:00:00",6.55139508158907e-05,0.0175914906888694,0.00304385088053018,0.00299885105456462,0.00301401546955162,0.00134646111720897
"306","2015-09-27 01:00:00",6.13398579745613e-05,0.0187338646179496,0.00290167458446934,0.00323991340519708,0.00310154869540036,0.00146824356691942
"307","2015-10-04 01:00:00",5.69017335922751e-05,0.0212997106862621,0.00292390000066265,0.00360649600644391,0.00310078087692074,0.00173731121346225
"308","2015-10-11 01:00:00",5.59559084269367e-05,0.0210622608288764,0.00297655454065051,0.00425954860555531,0.00290885821161947,0.00216882791228286
"309","2015-10-18 01:00:00",5.31307257333779e-05,0.0235163418171161,0.00306112164424836,0.00445060535142851,0.00271333415367861,0.00232344174479851
"310","2015-10-25 01:00:00",5.21660799870853e-05,0.0307831382341241,0.00319988035902381,0.00451290067883681,0.00260774164604371,0.00250938520805521
"311","2015-11-01 00:00:00",5.59355295804337e-05,0.0410978702635004,0.00315711741091867,0.00440660208013421,0.00256843138563444,0.00239354487601567
"312","2015-11-08 00:00:00",5.84688062727726e-05,0.0398181130502209,0.00340440664823314,0.00425723343280299,0.00261087359067795,0.0021858723726688
"313","2015-11-15 00:00:00",6.14593317797937e-05,0.0293055165323034,0.003980867595179,0.00446089014018614,0.0029891505873742,0.00225707177515767
"314","2015-11-22 00:00:00",6.35699360639853e-05,0.0216771200632409,0.00467524600852991,0.00475164349837173,0.00348524020852303,0.00232430856752521
"315","2015-11-29 00:00:00",6.39373960131515e-05,0.0181507652195404,0.00553066117782422,0.00529843139148702,0.00394699791700123,0.00230777309345174
"316","2015-12-06 00:00:00",6.19336591989339e-05,0.0159847730724313,0.00585370517714437,0.00592752617024487,0.0039728017148734,0.00200646214790474
"317","2015-12-13 00:00:00",5.8827251147376e-05,0.0149055040435233,0.00556823199985978,0.00538874967099603,0.00358034568964917,0.00171974656602724
"318","2015-12-20 00:00:00",5.89073230234307e-05,0.0144467917144797,0.0053728526117322,0.00475640901279638,0.00317088958672723,0.00158066434417583
"319","2015-12-27 00:00:00",5.48195744795998e-05,0.0147676193454529,0.00520910183101672,0.00444761946295042,0.00295379210929682,0.00136358483287346
"320","2016-01-03 00:00:00",5.66150538012812e-05,0.0144654992048799,0.00450011149138193,0.0041011067037843,0.00286011648920565,0.00119970898833589
"321","2016-01-10 00:00:00",5.92832943573687e-05,0.0106469621319501,0.00420011669156349,0.00354426998162803,0.00265829848957155,0.00109121574276792
"322","2016-01-17 00:00:00",6.30876277287443e-05,0.00861754509190621,0.00468614356756231,0.00347102524943773,0.0024418762306785,0.000920828781326323
"323","2016-01-24 00:00:00",6.69212375591176e-05,0.0080175299488777,0.00566105618322569,0.0036410903401846,0.00240341085234878,0.000838607928474841
"324","2016-01-31 00:00:00",6.88563618488784e-05,0.00961888167577456,0.00567138224757443,0.0033177441297006,0.00217605183202044,0.000776791582095429
"325","2016-02-07 00:00:00",6.6794750375979e-05,0.0092358873158733,0.00507200453906411,0.0027476518782335,0.00182069147261829,0.000716524117035872
"326","2016-02-14 00:00:00",6.19465594224405e-05,0.00849070755987221,0.00507734235725983,0.00253099807877699,0.00162231553079939,0.000711698570560767
"327","2016-02-21 00:00:00",5.44878005982362e-05,0.0073835939544617,0.0050980674971209,0.00243232161040861,0.00152737808310313,0.000699922632953291
"328","2016-02-28 00:00:00",5.15575145407925e-05,0.00606493942512433,0.00554744681006933,0.00246290945843955,0.00156070590572433,0.0007279999282247
"329","2016-03-06 00:00:00",5.01085539726036e-05,0.00494042908943112,0.00480994810267977,0.00240500077139811,0.00163672349222059,0.000728113432309363
"330","2016-03-13 00:00:00",4.9887212286771e-05,0.00482543835225485,0.00398540665132402,0.00220308427780138,0.00165656105879511,0.000707144873592785
"331","2016-03-20 00:00:00",4.95631169038144e-05,0.00489166161942346,0.00349431987596811,0.00214843410601649,0.00189655025842389,0.000742728354977642
"332","2016-03-27 00:00:00",4.82324267535232e-05,0.00530754587168995,0.00324752919720423,0.00227210570165453,0.00238629041131364,0.000697398469936389
"333","2016-04-03 01:00:00",4.36610037978936e-05,0.00605967089547944,0.00293903366299132,0.0024146085525244,0.00307242430363277,0.000690611048054441
"334","2016-04-10 01:00:00",3.78323764365883e-05,0.00707180992114938,0.00280841319208856,0.00283117232675393,0.00376663060402634,0.000715331403271838
"335","2016-04-17 01:00:00",3.34927534536887e-05,0.00709439685426822,0.0026900879961078,0.00348982265598263,0.00445622572532521,0.000757262718544714
"336","2016-04-24 01:00:00",3.21768046020035e-05,0.00840830275231045,0.00263422044572486,0.00389341078027614,0.00429050308021302,0.000798866373287112
"337","2016-05-01 01:00:00",3.19283850744237e-05,0.00889016208702173,0.00259277469420814,0.00417234766224717,0.00433046919336362,0.000845567789921257
"338","2016-05-08 01:00:00",3.25905686060041e-05,0.00799078876058108,0.00251274168010294,0.00422970032381519,0.00436825643189397,0.000869303995796911
"339","2016-05-15 01:00:00",3.29803488868563e-05,0.00712805250197786,0.00239564942604241,0.00380596536690788,0.00356368584255086,0.000939677197556827
"340","2016-05-22 01:00:00",3.25461454461187e-05,0.00652211201715516,0.00237481086210847,0.00359652489100671,0.00308930671225686,0.00101586087358767
"341","2016-05-29 01:00:00",3.08663905880675e-05,0.00636937899703819,0.0021487573424398,0.00333720369106284,0.00288488203819872,0.00112827552444964
"342","2016-06-05 01:00:00",2.76907589267293e-05,0.00571478956326712,0.00205414836987697,0.00294345353594278,0.00289118678268168,0.00124207234326028
"343","2016-06-12 01:00:00",2.63137817989494e-05,0.00539028787123507,0.00205312452395649,0.00253803009080412,0.00243704510641857,0.00120883052414377
"344","2016-06-19 01:00:00",2.74221204503129e-05,0.00520244349759014,0.00213043883001037,0.00230109264678919,0.00205770759319213,0.0012137944830695
"345","2016-06-26 01:00:00",2.76759020101248e-05,0.00582681973149413,0.0020599353689369,0.00208356670918986,0.00175615391754466,0.00125433636202293
"346","2016-07-03 01:00:00",2.59519166789358e-05,0.00636787742462584,0.00209396513223658,0.00226774747307452,0.00173469651528428,0.00142682747151814
"347","2016-07-10 01:00:00",2.47477162731979e-05,0.00804922048599028,0.00229593462113508,0.00285609358681512,0.00179911242489731,0.00161530563918785
"348","2016-07-17 01:00:00",2.65469420146742e-05,0.0100140262815902,0.00284319792120302,0.00355307601672133,0.00202973386467909,0.00171155225022698
"349","2016-07-24 01:00:00",2.86147245930101e-05,0.0123264206436298,0.00372595030998066,0.00459618776381517,0.00241519048766965,0.0018174052842137
"350","2016-07-31 01:00:00",2.84543110551034e-05,0.0125555011346194,0.00390611807077622,0.00482896082704651,0.00264138417600185,0.00175111373923749
