2005/12/2,6475.73,6960.45
2005/12/5,6623.28,7119.04
2005/12/6,6652.9,7150.87
2005/12/7,6642.49,7139.69
2005/12/8,6558.46,7049.36
2005/12/9,6614.74,7109.86
2005/12/12,6596.74,7090.51
2005/12/13,6586.43,7079.43
2005/12/14,6582.23,7074.91
2005/12/15,6629.59,7125.82
2005/12/16,6730.96,7234.78
2005/12/19,6860.44,7373.94
2005/12/20,6863.44,7377.17
2005/12/21,6922.95,7441.14
2005/12/22,6856.13,7369.32
2005/12/23,6971.91,7493.76
2005/12/26,7003.4,7527.61
2005/12/27,6985.47,7508.33
2005/12/28,6994.54,7518.09
2005/12/29,7058.64,7586.98
2005/12/30,7047.27,7574.76
2006/1/2,6907.55,7424.59
2006/1/3,7072.21,7601.57
2006/1/4,7068.12,7597.18
2006/1/5,7237.58,7779.31
2006/1/6,7201.45,7740.49
2006/1/9,7235.95,7777.57
2006/1/10,7223.42,7764.1
2006/1/11,7206.86,7746.3
2006/1/12,7170,7706.68
2006/1/13,7136.85,7671.05
2006/1/16,7172.42,7709.28
2006/1/17,7153.97,7689.46
2006/1/18,6897.4,7413.68
2006/1/19,6916.81,7434.54
2006/1/20,6844.98,7357.33
2006/1/23,6669.58,7168.8
2006/1/24,6819.2,7329.62
2006/1/25,6880.7,7395.72
2006/2/3,6958.04,7478.85
2006/2/6,7066.34,7595.26
2006/2/7,7073.38,7602.82
2006/2/8,6976.85,7499.07
2006/2/9,6948.15,7468.23
2006/2/10,6865.28,7379.15
2006/2/13,6798.9,7307.81
2006/2/14,6881.56,7396.65
2006/2/15,6865.24,7379.11
2006/2/16,6943.09,7462.79
2006/2/17,6916.15,7433.83
2006/2/20,6894.42,7410.47
2006/2/21,6820.4,7330.91
2006/2/22,6672.37,7171.8
2006/2/23,6577.69,7070.04
2006/2/24,6648.2,7145.82
2006/2/27,6648.59,7146.24
2006/3/1,6782.76,7290.46
2006/3/2,6782.27,7289.93
2006/3/3,6655.14,7153.28
2006/3/6,6691.5,7192.36
2006/3/7,6611.18,7106.03
2006/3/8,6627.92,7124.02
2006/3/9,6634.23,7130.81
2006/3/10,6603.93,7098.24
2006/3/13,6661.93,7160.58
2006/3/14,6587.95,7081.06
2006/3/15,6620.21,7115.74
2006/3/16,6602.37,7096.56
2006/3/17,6611,7105.84
2006/3/20,6625.8,7121.74
2006/3/21,6545.49,7035.43
2006/3/22,6484.92,6970.32
2006/3/23,6398.38,6877.3
2006/3/24,6400.74,6879.84
2006/3/27,6445.31,6927.75
2006/3/28,6475.74,6960.45
2006/3/29,6532.81,7021.79
2006/3/30,6597.52,7091.35
2006/3/31,6667.44,7166.5
2006/4/3,6732.65,7236.59
2006/4/4,6744,7248.79
2006/4/6,6865.4,7379.28
2006/4/7,6906.29,7423.23
2006/4/10,6893.84,7409.85
2006/4/11,6921.57,7439.66
2006/4/12,7003.11,7527.3
2006/4/13,7065.36,7594.21
2006/4/14,7177.17,7714.39
2006/4/17,7239.46,7781.33
2006/4/18,7222.25,7762.84
2006/4/19,7250.89,7793.63
2006/4/20,7332.95,7881.83
2006/4/21,7289.32,7834.94
2006/4/24,7299.81,7846.21
2006/4/25,7263.96,7807.68
2006/4/26,7349.75,7899.88
2006/4/27,7300.85,7847.33
2006/4/28,7334.25,7883.22
2006/5/2,7374.38,7926.36
2006/5/3,7517.71,8080.42
2006/5/4,7579.57,8146.91
2006/5/5,7580.67,8148.08
2006/5/8,7683.84,8258.98
2006/5/9,7658.38,8231.62
2006/5/10,7611.68,8181.42
2006/5/11,7641.4,8213.37
2006/5/12,7574.86,8141.85
2006/5/15,7469.67,8028.78
2006/5/16,7305.27,7852.07
2006/5/17,7366.06,7917.42
2006/5/18,7323.08,7877.01
2006/5/19,7372.97,7930.67
2006/5/22,7278.28,7828.82
2006/5/23,7164.03,7705.92
2006/5/24,7189.03,7732.82
2006/5/25,7183.39,7726.76
2006/5/26,7223.56,7769.96
2006/5/29,7249.67,7798.04
2006/5/30,7215.73,7761.53
2006/6/1,7216.59,7762.47
2006/6/2,7241.03,7788.75
2006/6/5,6931.8,7456.13
2006/6/6,6912.42,7435.28
2006/6/7,6782.63,7295.68
2006/6/8,6479.96,6970.11
2006/6/9,6582.35,7080.25
2006/6/12,6563.55,7060.02
2006/6/13,6478.54,6968.58
2006/6/14,6622.08,7122.99
2006/6/15,6527.92,7027.52
2006/6/16,6679.53,7190.73
2006/6/19,6714.47,7228.34
2006/6/20,6476.78,6972.46
2006/6/21,6328.76,6818.04
2006/6/22,6534.81,7042.63
2006/6/23,6559.96,7069.74
2006/6/26,6654.92,7172.07
2006/6/27,6724.68,7248.64
2006/6/28,6726.26,7250.35
2006/6/29,6800.11,7329.95
2006/6/30,6882.11,7418.34
2006/7/3,6877.63,7413.51
2006/7/4,6877.24,7426.57
2006/7/5,6790.29,7332.67
2006/7/6,6791.84,7337.94
2006/7/7,6778.93,7323.99
2006/7/10,6768.74,7316.6
2006/7/11,6755.86,7306.2
2006/7/12,6731.11,7286.94
2006/7/13,6655.16,7211.19
2006/7/14,6513.98,7058.21
2006/7/17,6295.19,6824.04
2006/7/18,6354.37,6891.21
2006/7/19,6350.4,6891.16
2006/7/20,6492.7,7066.43
2006/7/21,6505.72,7080.6
2006/7/24,6452.05,7030.85
2006/7/25,6489.43,7074.35
2006/7/26,6489.08,7076.21
2006/7/27,6600.87,7211.14
2006/7/28,6610.72,7231.91
2006/7/31,6587.31,7208.55
2006/8/1,6563.98,7183.01
2006/8/2,6599.8,7235.2
2006/8/3,6598.47,7240.69
2006/8/4,6562.69,7201.42
2006/8/7,6505.79,7143.76
2006/8/8,6584.53,7244.29
2006/8/9,6676.57,7354.53
2006/8/10,6706.12,7396.53
2006/8/11,6685.27,7378.98
2006/8/14,6731.1,7433.23
2006/8/15,6760.83,7466.07
2006/8/16,6834.73,7553.17
2006/8/17,6834.68,7560.18
2006/8/18,6802.2,7526.41
2006/8/21,6529.85,7225.06
2006/8/22,6615.35,7320.37
2006/8/23,6571.71,7272.08
2006/8/24,6598.62,7311.54
2006/8/25,6537.24,7250.17
2006/8/28,6425.86,7126.64
2006/8/29,6488.28,7195.87
2006/8/30,6609.65,7330.48
2006/8/31,6620.6,7345.71
2006/9/1,6647.84,7375.93
2006/9/4,6741.83,7480.74
2006/9/5,6708.97,7444.27
2006/9/6,6665.06,7395.55
2006/9/7,6685.18,7417.88
2006/9/8,6701.31,7435.77
2006/9/11,6730.57,7468.24
2006/9/12,6626.08,7352.3
2006/9/13,6641.63,7369.55
2006/9/14,6551.91,7273.64
2006/9/15,6637.24,7368.37
2006/9/18,6882.27,7640.58
2006/9/19,6898.61,7658.71
2006/9/20,6893.02,7652.51
2006/9/21,6911.46,7672.98
2006/9/22,6926.84,7690.86
2006/9/25,6968.71,7737.35
2006/9/26,6957.11,7724.47
2006/9/27,7018.42,7792.54
2006/9/28,6976.79,7746.32
2006/9/29,6995.43,7767.02
2006/10/2,7067.16,7846.66
2006/10/3,7051.84,7829.65
2006/10/4,6969.69,7738.44
2006/10/5,7062.19,7841.15
2006/10/11,7108.26,7892.3
2006/10/12,7106.76,7890.63
2006/10/13,7191.75,7985
2006/10/16,7240.99,8039.67
2006/10/17,7190.81,7983.96
2006/10/18,7153.24,7942.23
2006/10/19,7127.21,7913.34
2006/10/20,7185.89,7978.48
2006/10/23,7172.29,7963.39
2006/10/24,7213.31,8008.94
2006/10/25,7168.4,7959.07
2006/10/26,7174.29,7965.61
2006/10/27,7136.9,7924.1
2006/10/30,7061.55,7840.43
2006/10/31,7079.49,7860.35
2006/11/1,7088.52,7870.37
2006/11/2,7142.85,7930.71
2006/11/3,7249.7,8049.34
2006/11/6,7195.62,7989.29
2006/11/7,7259.59,8060.32
2006/11/8,7276.88,8079.52
2006/11/9,7239.23,8037.71
2006/11/10,7259.44,8060.15
2006/11/13,7243.83,8042.82
2006/11/14,7308.25,8114.34
2006/11/15,7381.26,8195.41
2006/11/16,7406.98,8223.97
2006/11/17,7427.39,8246.63
2006/11/20,7427.48,8246.73
2006/11/21,7463.2,8286.39
2006/11/22,7510.25,8338.62
2006/11/23,7589.23,8426.31
2006/11/24,7668.84,8514.71
2006/11/27,7753.08,8608.24
2006/11/28,7722.29,8574.06
2006/11/29,7708.06,8558.25
2006/11/30,7799.57,8659.86
2006/12/1,7839.62,8704.33
2006/12/4,7908.52,8780.83
2006/12/5,7790.32,8649.59
2006/12/6,7904.63,8776.5
2006/12/7,7880.33,8749.52
2006/12/8,7888.11,8758.16
2006/12/11,7881.06,8750.34
2006/12/12,7775.44,8633.07
2006/12/13,7739.91,8593.61
2006/12/14,7798.02,8658.14
2006/12/15,7857.04,8723.67
2006/12/18,7933.51,8808.57
2006/12/19,7944.43,8820.7
2006/12/20,7993.83,8875.54
2006/12/21,7939.67,8815.41
2006/12/22,7977.65,8857.57
2006/12/25,8010.61,8894.17
2006/12/26,8108.21,9002.54
2006/12/27,8112.68,9007.5
2006/12/28,8091.75,8984.26
2006/12/29,8181.13,9083.5
2007/1/2,8272.82,9185.3
2007/1/3,8243.54,9152.8
2007/1/4,8269.3,9181.39
2007/1/5,8181.56,9083.98
2007/1/8,8080.75,8972.06
2007/1/9,8148.93,9047.76
2007/1/10,8060.04,8949.06
2007/1/11,7908,8780.25
2007/1/12,8052.01,8940.14
2007/1/15,8053.63,8941.94
2007/1/16,8061.28,8950.44
2007/1/17,8117.69,9013.06
2007/1/18,8214.58,9120.64
2007/1/19,8152.45,9051.66
2007/1/22,8134.49,9031.72
2007/1/24,8210.21,9115.79
2007/1/25,8176.87,9078.77
2007/1/26,8150.19,9049.16
2007/1/29,8040.17,8926.99
2007/1/30,7989.54,8870.78
2007/1/31,7950.7,8827.66
2007/2/1,7954.43,8831.8
2007/2/2,8031.78,8917.68
2007/2/5,8043.82,8931.05
2007/2/6,8138.68,9036.37
2007/2/7,8084.39,8976.1
2007/2/8,8094.33,8987.13
2007/2/9,8108.65,9003.02
2007/2/12,8042.08,8929.11
2007/2/13,8051.81,8939.92
2007/2/14,8114.85,9009.91
2007/2/26,8225.4,9132.66
2007/2/27,8244.05,9153.36
2007/3/1,8035.24,8921.53
2007/3/2,8048.7,8936.46
2007/3/5,7605.26,8444.11
2007/3/6,7717.38,8568.6
2007/3/7,7774.3,8631.8
2007/3/8,7912.19,8784.9
2007/3/9,7902.08,8773.67
2007/3/12,7959.93,8837.91
2007/3/13,7984.71,8865.42
2007/3/14,7857.71,8724.41
2007/3/15,8009.19,8892.59
2007/3/16,8032.78,8918.78
2007/3/19,8041.38,8928.33
2007/3/20,8029.53,8915.18
2007/3/21,8057.44,8946.17
2007/3/22,8112.23,9007.01
2007/3/23,8144.8,9043.17
2007/3/26,8186.35,9089.3
2007/3/27,8156.92,9056.62
2007/3/28,8122.39,9018.29
2007/3/29,8187.89,9091.01
2007/3/30,8232.89,9140.97
2007/4/2,8240.53,9149.46
2007/4/3,8322.63,9240.61
2007/4/4,8356.2,9277.89
2007/4/9,8419.08,9347.7
2007/4/10,8404.2,9331.18
2007/4/11,8404.5,9331.51
2007/4/12,8421,9349.83
2007/4/13,8314.88,9232
2007/4/16,8306.68,9222.91
2007/4/17,8179.25,9081.41
2007/4/18,8252.49,9162.74
2007/4/19,8129.03,9025.65
2007/4/20,8179.4,9081.58
2007/4/23,8223.16,9130.17
2007/4/24,8266.56,9178.36
2007/4/25,8230.69,9138.53
2007/4/26,8256.5,9167.18
2007/4/27,8203.45,9108.29
2007/4/30,8070.76,8960.96
2007/5/2,8016.11,8900.29
2007/5/3,7962.94,8841.24
2007/5/4,8131.99,9028.95
2007/5/7,8209.91,9115.46
2007/5/8,8210.42,9116.02
2007/5/9,8150.18,9049.14
2007/5/10,8210.22,9115.81
2007/5/11,8146.42,9044.96
2007/5/14,8124.29,9020.4
2007/5/15,8090.66,8983.05
2007/5/16,8107.82,9002.11
2007/5/17,8129.1,9025.74
2007/5/18,8149.19,9048.04
2007/5/21,8221.27,9128.07
2007/5/22,8310.9,9231.03
2007/5/23,8310.15,9230.19
2007/5/24,8319.73,9240.84
2007/5/25,8284.39,9201.58
2007/5/28,8270.18,9185.79
2007/5/29,8271.66,9187.45
2007/5/30,8257.84,9172.1
2007/5/31,8353.09,9277.89
2007/6/1,8409.88,9340.97
2007/6/4,8499.18,9440.15
2007/6/5,8472.39,9410.39
2007/6/6,8446.13,9381.23
2007/6/7,8503.3,9444.73
2007/6/8,8468.22,9405.77
2007/6/11,8517.66,9460.68
2007/6/12,8552.72,9499.62
2007/6/13,8532.43,9477.09
2007/6/14,8563.37,9511.45
2007/6/15,8639.46,9597.28
2007/6/20,8738.25,9707.02
2007/6/21,8841.54,9821.75
2007/6/22,8941.36,9932.64
2007/6/25,9063.37,10068.18
2007/6/26,8949.08,9941.22
2007/6/27,8963.31,9957.02
2007/6/28,8996.47,9994.2
2007/6/29,8991.27,9988.42
2007/7/2,9032.68,10052.43
2007/7/3,9103.51,10146.86
2007/7/4,9223.33,10282.58
2007/7/5,9299.12,10370.45
2007/7/6,9386.61,10468.01
2007/7/9,9581.51,10685.72
2007/7/10,9637,10750.76
2007/7/11,9607.03,10728.83
2007/7/12,9706.57,10843
2007/7/13,9754.24,10896.26
2007/7/16,9724.2,10866.71
2007/7/17,9860.36,11027.26
2007/7/18,9928.81,11109.18
2007/7/19,9933.76,11129.88
2007/7/20,10087.04,11305.3
2007/7/23,10214.29,11452.51
2007/7/24,10240.85,11494.07
2007/7/25,10347.86,11621.19
2007/7/26,10149.77,11420.02
2007/7/27,9818.67,11051.18
2007/7/30,9721.58,10941.9
2007/7/31,9981.07,11248.9
2007/8/1,9707.31,10957.2
2007/8/2,9605.49,10853.72
2007/8/3,9666.12,10922.23
2007/8/6,9530.6,10769.1
2007/8/7,9480.42,10714.03
2007/8/8,9735.38,11005.33
2007/8/9,9847.96,11140.07
2007/8/10,9602.4,10873.72
2007/8/13,9550.46,10821.02
2007/8/14,9473.6,10740.41
2007/8/15,9019.89,10229.96
2007/8/16,8551.05,9707.5
2007/8/17,8372.28,9504.56
2007/8/20,8830.15,10026.03
2007/8/21,8736.24,9923.81
2007/8/22,8724.81,9915.83
2007/8/23,9000.32,10233.12
2007/8/24,8989.22,10220.51
2007/8/27,8961.1,10188.96
2007/8/28,8994.29,10226.7
2007/8/29,8902.03,10121.8
2007/8/30,9013.75,10255.8
2007/8/31,9196.75,10464.02
2007/9/3,9213.69,10483.3
2007/9/4,9151.97,10413.07
2007/9/5,9101.3,10355.43
2007/9/6,9261.58,10537.79
2007/9/7,9303.06,10584.99
2007/9/10,9241.11,10517.75
2007/9/11,9318.23,10605.52
2007/9/12,9359.73,10652.76
2007/9/13,9224.37,10500.42
2007/9/14,9272.17,10554.85
2007/9/17,9144.66,10409.69
2007/9/19,9074.67,10330.02
2007/9/20,9100.8,10359.76
2007/9/21,9276.87,10567.7
2007/9/26,9546.94,10875.34
2007/9/27,9743.84,11099.64
2007/9/28,9723.66,11077.89
2007/10/1,9852.72,11224.93
2007/10/2,9872.23,11247.16
2007/10/3,9841.21,11211.81
2007/10/4,9768.5,11128.98
2007/10/5,9774.52,11135.83
2007/10/8,9744.73,11101.9
2007/10/9,9650.57,10994.62
2007/10/12,9624.84,10965.31
2007/10/15,9630.61,10972.47
2007/10/16,9766.5,11127.29
2007/10/17,9753.99,11113.05
2007/10/18,9868.4,11243.4
2007/10/19,9858.01,11231.55
2007/10/22,9592.35,10928.88
2007/10/23,9749.21,11107.59
2007/10/24,9661.14,11007.26
2007/10/25,9803.68,11169.66
2007/10/26,9874.77,11250.65
2007/10/29,10020.87,11417.1
2007/10/30,9940.9,11325.99
2007/10/31,9847.79,11219.91
2007/11/1,9663.25,11009.66
2007/11/2,9357.4,10661.19
2007/11/5,9421.14,10733.81
2007/11/6,9468.59,10787.88
2007/11/7,9424.6,10737.76
2007/11/8,8941.41,10187.24
2007/11/9,8925.67,10169.31
2007/11/12,8547.78,9738.76
2007/11/13,8697.66,9909.53
2007/11/14,8990.99,10243.73
2007/11/15,8942.09,10188.02
2007/11/16,8826.06,10055.82
2007/11/19,8770.87,9992.94
2007/11/20,8819.87,10048.77
2007/11/21,8623.85,9825.44
2007/11/22,8598.5,9796.56
2007/11/23,8363.55,9528.87
2007/11/26,8474.03,9654.74
2007/11/27,8355.64,9519.86
2007/11/28,8221.38,9366.88
2007/11/29,8396.31,9566.19
2007/11/30,8598.59,9796.66
2007/12/3,8642.59,9846.78
2007/12/4,8761.34,9984.03
2007/12/5,8831.18,10063.61
2007/12/6,8753.05,9974.59
2007/12/7,8728.71,9946.84
2007/12/10,8610.46,9812.1
2007/12/11,8629.54,9833.83
2007/12/12,8547.42,9740.26
2007/12/13,8162.01,9301.06
2007/12/14,8040.51,9162.61
2007/12/17,7598.47,8658.88
2007/12/18,7546.69,8599.87
2007/12/19,7807.28,8896.83
2007/12/20,7544.13,8596.95
2007/12/21,7618.28,8681.45
2007/12/24,7861.69,8958.83
2007/12/25,7937.91,9045.69
2007/12/26,7929.37,9035.95
2007/12/27,8110.76,9242.66
2007/12/28,8263.65,9416.89
2007/12/31,8417.52,9592.23
2008/1/2,8281.42,9437.14
2008/1/3,8133.89,9269.02
2008/1/4,8178.16,9319.47
2008/1/7,7808.39,8898.09
2008/1/8,7843.51,8938.11
2008/1/9,7922.94,9028.63
2008/1/10,7956.2,9066.53
2008/1/11,7945.22,9054.02
2008/1/14,8027.65,9147.95
2008/1/15,8259.12,9411.73
2008/1/16,7974.09,9086.91
2008/1/17,7896.97,8999.03
2008/1/18,8054.41,9178.45
2008/1/21,8030.9,9151.66
2008/1/22,7496.02,8542.13
2008/1/23,7159.18,8158.28
2008/1/24,7199.89,8204.68
2008/1/25,7469.05,8511.39
2008/1/28,7214.99,8221.88
2008/1/29,7237.02,8246.98
2008/1/30,7248.59,8260.17
2008/1/31,7221.29,8229.07
2008/2/1,7387.37,8418.32
2008/2/12,7292.82,8310.58
2008/2/13,7214.19,8220.97
2008/2/14,7496.94,8543.18
2008/2/15,7580.32,8638.2
2008/2/18,7632.5,8697.66
2008/2/19,7800.69,8889.32
2008/2/20,7619.82,8683.2
2008/2/21,7836.18,8929.76
2008/2/22,7855.77,8952.09
2008/2/25,8071.83,9198.3
2008/2/26,8052.47,9176.24
2008/2/27,8231.83,9380.62
2008/2/29,8287.52,9444.08
2008/3/3,8129.36,9263.85
2008/3/4,8337.35,9500.87
2008/3/5,8317.98,9478.8
2008/3/6,8472.21,9654.55
2008/3/7,8371,9539.22
2008/3/10,8149.65,9286.98
2008/3/11,8227.93,9376.19
2008/3/12,8269.46,9423.51
2008/3/13,8043.65,9166.18
2008/3/14,8004.77,9121.88
2008/3/18,7920.54,9025.89
2008/3/19,7986.68,9101.27
2008/3/20,8149.96,9287.33
2008/3/21,8280.79,9436.41
2008/3/24,8563.75,9758.87
2008/3/25,8529.61,9719.96
2008/3/26,8496.65,9682.4
2008/3/27,8407.74,9581.09
2008/3/28,8506.1,9693.17
2008/3/31,8482.77,9666.58
2008/4/1,8296.68,9454.52
2008/4/2,8467.05,9648.67
2008/4/3,8483.71,9667.65
2008/4/7,8662.1,9870.95
2008/4/8,8586.17,9784.42
2008/4/9,8617.36,9819.96
2008/4/10,8781.73,10007.26
2008/4/11,8832.31,10064.91
2008/4/14,8883.1,10122.79
2008/4/15,8921.95,10167.06
2008/4/16,9069.25,10334.91
2008/4/17,9033.81,10294.53
2008/4/18,9004.68,10261.33
2008/4/21,8983.27,10236.93
2008/4/22,8982.55,10236.11
2008/4/23,9017.62,10276.07
2008/4/24,9006.93,10263.89
2008/4/25,8915.16,10159.31
2008/4/28,8966.45,10217.77
2008/4/29,8785.25,10011.28
2008/4/30,8806.7,10035.73
2008/5/2,8878.19,10117.19
2008/5/5,8791.25,10018.12
2008/5/6,8792.63,10019.69
2008/5/7,8904.7,10147.4
2008/5/8,8872.95,10111.22
2008/5/9,8781.32,10006.8
2008/5/12,8778,10003.02
2008/5/13,8918.23,10162.82
2008/5/14,8978.74,10231.77
2008/5/15,9155.05,10432.69
2008/5/16,9198.22,10481.89
2008/5/19,9283.11,10578.62
2008/5/20,9038.3,10299.64
2008/5/21,9023.1,10282.33
2008/5/22,8976.72,10229.47
2008/5/23,8769.47,9993.29
2008/5/26,8574.96,9771.64
2008/5/27,8681.33,9892.86
2008/5/28,8526.13,9715.99
2008/5/29,8527.97,9718.1
2008/5/30,8419.02,9593.94
2008/6/2,8465.02,9646.35
2008/6/3,8342.88,9507.18
2008/6/4,8418.36,9593.19
2008/6/5,8535.32,9726.48
2008/6/6,8542.99,9735.21
2008/6/9,8409.83,9583.47
2008/6/10,8174.53,9315.33
2008/6/11,8013.49,9131.82
2008/6/12,7617.43,8681.87
2008/6/13,7652.92,8722.33
2008/6/16,7718.43,8796.99
2008/6/17,7728.08,8807.99
2008/6/18,7817.76,8910.21
2008/6/19,7663.38,8734.24
2008/6/20,7513.24,8563.13
2008/6/23,7445.77,8486.23
2008/6/24,7224.36,8233.88
2008/6/25,7378.44,8410.38
2008/6/26,7348.02,8375.7
2008/6/27,7038.55,8022.95
2008/6/30,6915.74,7882.97
2008/7/1,6810.13,7763.84
2008/7/2,6939.8,7911.67
2008/7/3,7139.12,8145.19
2008/7/4,6904.43,7884.78
2008/7/7,7013.32,8012.93
2008/7/8,6699.43,7656.98
2008/7/9,6735.56,7718.43
2008/7/10,6754.5,7754.57
2008/7/11,6927.66,7962.48
2008/7/14,6880.9,7908.75
2008/7/15,6541.21,7518.31
2008/7/16,6363.05,7316.71
2008/7/17,6546.04,7534.35
2008/7/18,6317.7,7275.99
2008/7/21,6542.06,7543.7
2008/7/22,6550.1,7580.05
2008/7/23,6833.83,7910.79
2008/7/24,6960.89,8074.82
2008/7/25,6846.65,7952.24
2008/7/29,6628.63,7712.77
2008/7/30,6642.69,7733.69
2008/7/31,6573.81,7658.37
2008/8/1,6506.38,7579.82
2008/8/4,6441.48,7504.21
2008/8/5,6226.07,7268.45
2008/8/6,6430.13,7525.3
2008/8/7,6429.64,7541.41
2008/8/8,6601.8,7755.68
2008/8/11,6721.01,7898.43
2008/8/12,6706.55,7892.37
2008/8/13,6756.65,7959.23
2008/8/14,6822.32,8036.58
2008/8/15,6664.01,7862.3
2008/8/18,6443.47,7602.11
2008/8/19,6468.88,7635.13
2008/8/20,6524.15,7700.35
2008/8/21,6374.11,7524.5
2008/8/22,6304.85,7447.29
2008/8/25,6397.68,7571.29
2008/8/26,6347.14,7527.19
2008/8/27,6487.61,7693.77
2008/8/28,6471.57,7674.76
2008/8/29,6513.08,7727.92
2008/9/1,6263.56,7431.87
2008/9/2,6184.46,7341.51
2008/9/3,5974.74,7092.55
2008/9/4,5764.28,6857.8
2008/9/5,5646.13,6720.91
2008/9/8,5988.6,7128.58
2008/9/9,5734.03,6825.55
2008/9/10,5812.45,6918.9
2008/9/11,5559.95,6618.33
2008/9/12,5638.19,6711.47
2008/9/15,5331.63,6347.61
2008/9/16,5013.57,5969.69
2008/9/17,4974.99,5923.75
2008/9/18,4718.2,5621.03
2008/9/19,5017.1,5977.13
2008/9/22,5186.82,6179.33
2008/9/23,5327.74,6347.22
2008/9/24,5341.49,6363.59
2008/9/25,5245.92,6249.73
2008/9/26,5029.99,5992.49
2008/9/30,4817.54,5739.39
2008/10/1,4881.82,5815.97
2008/10/2,4839.85,5765.97
2008/10/3,4915.53,5856.13
2008/10/6,4673.91,5568.27
2008/10/7,4691.95,5589.77
2008/10/8,4402.42,5249.99
2008/10/9,4282.6,5107.1
2008/10/13,4180.76,4985.65
2008/10/14,4442.36,5297.62
2008/10/15,4426.83,5279.09
2008/10/16,4288.45,5114.07
2008/10/17,4184.54,4990.15
2008/10/20,4185.4,4991.18
2008/10/21,4178.09,4982.47
2008/10/22,4095.64,4884.15
2008/10/23,3970.59,4735.01
2008/10/24,3838.1,4577.02
2008/10/27,3606.71,4301.09
2008/10/28,3643.85,4345.37
2008/10/29,3588.21,4279.02
2008/10/30,3802.96,4535.12
2008/10/31,3924.58,4680.15
2008/11/3,4082.66,4868.67
2008/11/4,4095.44,4883.9
2008/11/5,4109.9,4901.15
2008/11/6,3875.47,4621.58
2008/11/7,3953.19,4714.26
2008/11/10,3951.86,4712.68
2008/11/11,3823.09,4559.12
2008/11/12,3776.18,4503.18
2008/11/13,3585.96,4276.34
2008/11/14,3574.85,4263.08
2008/11/17,3526.52,4205.46
2008/11/18,3389.67,4042.26
2008/11/19,3385.84,4037.69
2008/11/20,3231.19,3853.27
2008/11/21,3316.44,3954.93
2008/11/24,3284.89,3917.3
2008/11/25,3354.76,4000.62
2008/11/26,3410.86,4067.53
2008/11/27,3592.42,4284.04
2008/11/28,3596.76,4289.21
2008/12/1,3687.44,4397.36
2008/12/2,3529.47,4208.98
2008/12/3,3497.02,4170.28
2008/12/4,3418.57,4076.72
2008/12/5,3351.09,3996.25
2008/12/8,3547.89,4230.94
2008/12/9,3606.05,4300.29
2008/12/10,3782.57,4510.8
2008/12/11,3798.87,4530.24
2008/12/12,3646.28,4348.27
2008/12/15,3782.53,4510.75
2008/12/16,3780.45,4508.27
2008/12/17,3797.44,4528.53
2008/12/18,3875.39,4621.49
2008/12/19,3892.53,4641.93
2008/12/22,3726.78,4444.26
2008/12/23,3572.89,4260.76
2008/12/24,3591.06,4282.42
2008/12/25,3605.91,4300.13
2008/12/26,3605.75,4299.93
2008/12/29,3592.01,4283.56
2008/12/30,3752.31,4474.71
2008/12/31,3762.44,4486.79
2009/1/5,3857.85,4600.57
2009/1/6,3907.98,4660.35
2009/1/7,3964.64,4727.92
2009/1/8,3726.28,4443.67
2009/1/9,3729.55,4447.57
2009/1/12,3682.8,4391.82
2009/1/13,3733.36,4452.11
2009/1/14,3754.6,4477.45
2009/1/15,3575.54,4263.91
2009/1/16,3630.91,4329.94
2009/1/19,3637.07,4337.29
2009/1/20,3528.27,4207.54
2009/1/21,3532.88,4213.03
2009/2/2,3536.55,4217.41
2009/2/3,3668.31,4374.54
2009/2/4,3678.11,4386.23
2009/2/5,3674.13,4381.48
2009/2/6,3745.36,4466.42
2009/2/9,3743.52,4464.23
2009/2/10,3802.21,4534.22
2009/2/11,3833.24,4571.23
2009/2/12,3713.15,4428.02
2009/2/13,3834.8,4573.08
2009/2/16,3859.07,4602.03
2009/2/17,3784.32,4512.89
2009/2/18,3784.28,4512.83
2009/2/19,3825.73,4562.27
2009/2/20,3750.14,4472.13
2009/2/23,3786.91,4515.98
2009/2/24,3742.38,4462.87
2009/2/25,3786.86,4515.92
2009/2/26,3815.69,4550.3
2009/2/27,3864.55,4608.56
2009/3/2,3720.4,4436.66
2009/3/3,3739.1,4458.96
2009/3/4,3844.17,4584.25
2009/3/5,3922.82,4678.05
2009/3/6,3923.41,4678.75
2009/3/9,3928.66,4685.01
2009/3/10,3999.11,4769.02
2009/3/11,4024.01,4798.73
2009/3/12,4051.17,4831.11
2009/3/13,4161.48,4962.66
2009/3/16,4232.01,5046.77
2009/3/17,4265.34,5086.51
2009/3/18,4251.16,5069.6
2009/3/19,4244.34,5061.48
2009/3/20,4203.15,5012.35
2009/3/23,4341.73,5177.6
2009/3/24,4432.21,5285.51
2009/3/25,4558.26,5435.83
2009/3/26,4623.06,5513.1
2009/3/27,4665.26,5563.43
2009/3/30,4482.85,5345.9
2009/3/31,4497.97,5363.93
2009/4/1,4665.54,5563.76
2009/4/2,4787.86,5709.63
2009/4/3,4830.02,5759.9
2009/4/6,4855.33,5790.09
2009/4/7,4904.76,5849.03
2009/4/8,4819.22,5747.03
2009/4/9,5016.31,5982.06
2009/4/10,5117.68,6102.95
2009/4/13,5192.23,6191.85
2009/4/14,5208.36,6211.09
2009/4/15,5220.07,6225.05
2009/4/16,5301.61,6322.29
2009/4/17,5006.98,5970.93
2009/4/20,4986.9,5946.99
2009/4/21,5151.09,6142.79
2009/4/22,5237.19,6245.47
2009/4/23,5253.72,6265.18
2009/4/24,5265.87,6279.67
2009/4/27,5032.87,6001.81
2009/4/28,4871.09,5808.89
2009/4/29,4850.78,5784.66
2009/4/30,5175.82,6172.28
2009/5/4,5429.69,6475.02
2009/5/5,5410.35,6451.97
2009/5/6,5640.24,6726.11
2009/5/7,5722.74,6824.49
2009/5/8,5788.1,6902.44
2009/5/11,5888.12,7021.71
2009/5/12,5674.53,6767
2009/5/13,5776.75,6888.9
2009/5/14,5722.66,6824.41
2009/5/15,5877.83,7009.45
2009/5/18,5953.43,7099.6
2009/5/19,5955.94,7102.6
2009/5/20,6006.42,7162.79
2009/5/21,6059.18,7225.71
2009/5/22,6149.82,7333.8
2009/5/25,6191.72,7383.76
2009/5/26,6006.11,7162.42
2009/5/27,6218.35,7415.52
2009/6/1,6276.65,7485.05
2009/6/2,6231.95,7431.74
2009/6/3,6144.9,7327.93
2009/6/4,6091.48,7264.22
2009/6/5,6109.27,7285.44
2009/6/8,5962.6,7110.53
2009/6/9,5670.51,6762.22
2009/6/10,5668.98,6760.39
2009/6/11,5833.76,6956.89
2009/6/12,5731.85,6835.36
2009/6/15,5445.49,6493.87
2009/6/16,5452.99,6502.81
2009/6/17,5447.29,6496.02
2009/6/18,5369.83,6403.64
2009/6/19,5496.5,6554.7
2009/6/22,5605.61,6684.82
2009/6/23,5500.98,6560.04
2009/6/24,5665.58,6756.33
2009/6/25,5772.28,6884.76
2009/6/26,5791.49,6907.68
2009/6/29,5720.44,6824.88
2009/6/30,5729.49,6838.99
2009/7/1,5885.54,7025.25
2009/7/2,5989.39,7149.21
2009/7/3,6021.09,7187.05
2009/7/6,6048.1,7219.3
2009/7/7,6121.1,7306.43
2009/7/8,6084.79,7266.93
2009/7/9,6164.05,7364.05
2009/7/10,6155.52,7356.56
2009/7/13,5875.88,7023.38
2009/7/14,6021.64,7197.6
2009/7/15,6152.08,7370.21
2009/7/16,6161.87,7391.76
2009/7/17,6239.87,7486.7
2009/7/20,6319.63,7597.83
2009/7/21,6338.66,7620.71
2009/7/22,6402.15,7697.04
2009/7/23,6391.81,7687.64
2009/7/24,6393.31,7689.75
2009/7/27,6442.38,7748.76
2009/7/28,6546.32,7890.2
2009/7/29,6510.41,7858.2
2009/7/30,6438.63,7774.58
2009/7/31,6432.31,7769.98
2009/8/3,6421.12,7756.47
2009/8/4,6309.85,7622.06
2009/8/5,6162.98,7450.93
2009/8/6,6145.91,7443.11
2009/8/10,6183.83,7498.07
2009/8/11,6247.25,7574.97
2009/8/12,6232.39,7562.02
2009/8/13,6360.5,7718.24
2009/8/14,6376.62,7737.8
2009/8/17,6251.08,7585.46
2009/8/18,6068.21,7363.55
2009/8/19,6091.41,7394.03
2009/8/20,5986.22,7266.35
2009/8/21,5875.9,7136.25
2009/8/24,6063.57,7366.7
2009/8/25,6008.41,7302.99
2009/8/26,5883.32,7163.07
2009/8/27,5854.1,7127.5
2009/8/28,5965.52,7263.14
2009/8/31,6002.83,7308.58
2009/9/1,6194.06,7542.35
2009/9/2,6226.23,7581.53
2009/9/3,6302.85,7679.21
2009/9/4,6321.27,7701.66
2009/9/7,6384.63,7778.85
2009/9/8,6440.73,7847.2
2009/9/9,6362.38,7753.78
2009/9/10,6353.39,7744.29
2009/9/11,6414.85,7819.2
2009/9/14,6341.31,7730.75
2009/9/15,6420.95,7827.84
2009/9/16,6512.79,7939.81
2009/9/17,6532.46,7963.78
2009/9/18,6621.37,8072.18
2009/9/21,6639.61,8094.41
2009/9/22,6582.68,8028.77
2009/9/23,6446.65,7862.85
2009/9/24,6441.37,7856.42
2009/9/25,6481.02,7904.78
2009/9/28,6409.48,7817.52
2009/9/29,6506.06,7935.32
2009/9/30,6584.73,8031.28
2009/10/1,6599.41,8049.18
2009/10/2,6492.46,7918.73
2009/10/5,6536.58,7972.54
2009/10/6,6592.97,8041.33
2009/10/7,6697.61,8168.95
2009/10/8,6620.12,8074.44
2009/10/9,6689.3,8158.81
2009/10/12,6712.26,8186.82
2009/10/13,6729.03,8207.28
2009/10/14,6798.35,8291.82
2009/10/15,6750.1,8232.98
2009/10/16,6778.13,8267.16
2009/10/19,6832.12,8333
2009/10/20,6803.75,8298.41
2009/10/21,6753.78,8237.46
2009/10/22,6671.27,8136.82
2009/10/23,6732.65,8211.69
2009/10/26,6712.65,8187.29
2009/10/27,6717.05,8192.65
2009/10/28,6591.03,8038.96
2009/10/29,6390.24,7794.06
2009/10/30,6350.27,7745.31
2009/11/2,6318.73,7706.84
2009/11/3,6315.01,7702.3
2009/11/4,6478.26,7901.41
2009/11/5,6429.88,7842.41
2009/11/6,6472.63,7894.54
2009/11/9,6515.2,7946.47
2009/11/10,6547.23,7985.54
2009/11/11,6598.18,8047.67
2009/11/12,6597.12,8046.39
2009/11/13,6602.15,8052.52
2009/11/16,6696.18,8167.2
2009/11/17,6640.88,8099.75
2009/11/18,6699.01,8170.65
2009/11/19,6700.44,8172.4
2009/11/20,6628.54,8084.7
2009/11/23,6630.65,8087.28
2009/11/24,6649.62,8110.42
2009/11/25,6704.46,8177.31
2009/11/26,6662.87,8126.58
2009/11/27,6443.16,7858.6
2009/11/30,6559.52,8000.53
2009/12/1,6576.94,8021.77
2009/12/2,6623.56,8078.63
2009/12/3,6604.11,8054.91
2009/12/4,6580.41,8026.01
2009/12/7,6681.38,8149.15
2009/12/8,6679.27,8146.58
2009/12/9,6722.37,8199.15
2009/12/10,6621.73,8076.4
2009/12/11,6760.42,8245.56
2009/12/14,6798.6,8292.12
2009/12/15,6785.14,8275.71
2009/12/16,6767.82,8254.58
2009/12/17,6716.8,8192.35
2009/12/18,6738.44,8218.75
2009/12/21,6783.09,8273.21
2009/12/22,6831.71,8332.51
2009/12/23,6848.03,8352.42
2009/12/25,6920.33,8440.6
2009/12/28,7033.05,8578.08
2009/12/30,7094.26,8652.73
2009/12/31,7154.44,8726.14
2010/1/4,7173.08,8748.87
2010/1/5,7123.99,8688.99
2010/1/6,7178.26,8755.19
2010/1/7,7083.41,8639.51
2010/1/8,7150.4,8721.21
2010/1/11,7205.31,8788.18
2010/1/12,7210.46,8794.46
2010/1/13,7133.05,8700.05
2010/1/14,7207.3,8790.61
2010/1/15,7268.27,8864.98
2010/1/18,7279.2,8878.3
2010/1/19,7173.62,8749.53
2010/1/20,7170.05,8745.17
2010/1/21,7051.71,8600.84
2010/1/22,6874.38,8384.56
2010/1/25,6807.23,8302.66
2010/1/26,6504.09,7932.92
2010/1/27,6461.33,7880.76
2010/1/28,6629.06,8085.34
2010/1/29,6578.65,8023.86
2010/2/1,6488.23,7913.57
2010/2/3,6446.33,7862.47
2010/2/4,6447.08,7863.39
2010/2/5,6094.63,7433.51
2010/2/8,6035.22,7361.05
2010/2/9,6216.49,7582.14
2010/2/10,6311.6,7698.14
2010/2/22,6393.89,7798.51
2010/2/23,6438.28,7852.65
2010/2/24,6391.36,7795.42
2010/2/25,6297.95,7681.49
2010/2/26,6307.45,7693.08
2010/3/1,6480.05,7903.6
2010/3/2,6488.07,7913.38
2010/3/3,6520.59,7953.05
2010/3/4,6478.71,7901.96
2010/3/5,6548.53,7987.12
2010/3/8,6634.23,8091.65
2010/3/9,6648.17,8108.65
2010/3/10,6641.17,8100.11
2010/3/11,6626.65,8082.4
2010/3/12,6633.86,8091.19
2010/3/15,6526.98,7960.84
2010/3/16,6586.42,8033.34
2010/3/17,6727.12,8204.95
2010/3/18,6796.76,8289.88
2010/3/19,6819.27,8317.34
2010/3/22,6793.87,8286.35
2010/3/23,6772.82,8260.68
2010/3/24,6804.04,8298.75
2010/3/25,6812.5,8309.08
2010/3/26,6824.67,8323.92
2010/3/29,6918.61,8438.5
2010/3/30,6940.3,8464.95
2010/3/31,6931.2,8453.85
2010/4/1,7052.43,8601.71
2010/4/2,7060.21,8611.2
2010/4/6,7114.42,8677.32
2010/4/7,7136.47,8704.22
2010/4/8,7067.58,8620.19
2010/4/9,7095.92,8654.77
2010/4/12,7105.35,8666.27
2010/4/13,7022.46,8565.16
2010/4/14,7094.93,8653.55
2010/4/15,7197.71,8778.91
2010/4/16,7156.77,8728.97
2010/4/19,6851.43,8356.56
2010/4/20,6950.07,8476.87
2010/4/21,7041.24,8588.06
2010/4/22,7018.37,8560.17
2010/4/23,7059.92,8610.86
2010/4/26,7164.52,8738.43
2010/4/27,7132.13,8698.93
2010/4/28,7084.59,8640.94
2010/4/29,7086.69,8643.5
2010/4/30,6985.75,8520.39
2010/5/3,6931.33,8454.02
2010/5/4,6895.5,8410.31
2010/5/5,6676.13,8142.75
2010/5/6,6537.34,7973.48
2010/5/7,6549.29,7988.04
2010/5/10,6662.23,8125.79
2010/5/11,6602.94,8053.48
2010/5/12,6590.05,8037.77
2010/5/13,6739.04,8219.48
2010/5/14,6767.35,8254.01
2010/5/17,6576.15,8023.84
2010/5/18,6556.94,8000.4
2010/5/19,6566.6,8012.18
2010/5/20,6418.6,7831.6
2010/5/21,6202.1,7567.45
2010/5/24,6327.58,7720.55
2010/5/25,6080.3,7418.83
2010/5/26,6190.28,7553.02
2010/5/27,6321.15,7713.21
2010/5/28,6394.24,7802.4
2010/5/31,6481.64,7909.04
2010/6/1,6419.43,7833.14
2010/6/2,6343.92,7741
2010/6/3,6475.51,7901.56
2010/6/4,6456.84,7878.79
2010/6/7,6305.32,7695.46
2010/6/8,6334.18,7730.69
2010/6/9,6199.29,7566.06
2010/6/10,6329.69,7725.21
2010/6/11,6426.39,7843.22
2010/6/14,6478.24,7906.51
2010/6/15,6530.39,7970.15
2010/6/17,6590.56,8043.59
2010/6/18,6566.9,8014.71
2010/6/21,6747.6,8235.26
2010/6/22,6751.23,8239.68
2010/6/23,6744.73,8231.75
2010/6/24,6754.12,8243.21
2010/6/25,6618.44,8081.21
2010/6/28,6645.06,8113.71
2010/6/29,6568.06,8024.47
2010/6/30,6495.7,7936.06
2010/7/1,6457.39,7892.9
2010/7/2,6502.12,7947.57
2010/7/5,6583.58,8047.14
2010/7/6,6747,8246.89
2010/7/7,6753,8258.51
2010/7/8,6818.16,8347.3
2010/7/9,6819.45,8352.05
2010/7/12,6830.43,8365.49
2010/7/13,6815.58,8351.31
2010/7/14,6901.42,8471.66
2010/7/15,6906.44,8490.74
2010/7/16,6845,8425.34
2010/7/19,6837.11,8428.57
2010/7/20,6911.95,8520.83
2010/7/21,6904.59,8516.34
2010/7/22,6891.72,8505.71
2010/7/23,6962.44,8595.8
2010/7/26,6971.98,8622.25
2010/7/27,6924.38,8566.32
2010/7/28,6960.71,8632.43
2010/7/29,6950.45,8628.42
2010/7/30,6923.78,8598.74
2010/8/2,7110.21,8831.91
2010/8/3,7162.36,8904.58
2010/8/4,7204.71,8962.53
2010/8/5,7163.8,8919.3
2010/8/6,7202.07,8973.16
2010/8/9,7268.06,9055.38
2010/8/10,7207.08,8984.23
2010/8/11,7142.8,8908.66
2010/8/12,7121.72,8892.57
2010/8/13,7199.1,9011.93
2010/8/16,7254.96,9081.85
2010/8/17,7238.84,9061.66
2010/8/18,7239.69,9062.74
2010/8/19,7203.85,9026.36
2010/8/20,7231.08,9060.87
2010/8/23,7271.35,9111.33
2010/8/24,7230.51,9066.43
2010/8/25,6977.62,8749.66
2010/8/26,6907.13,8661.27
2010/8/27,6948.02,8712.53
2010/8/30,6958.65,8725.87
2010/8/31,6837.39,8573.81
2010/9/1,6940.66,8703.31
2010/9/2,6971.49,8741.98
2010/9/3,7086.23,8885.85
2010/9/6,7183.04,9007.25
2010/9/7,7159.62,8977.88
2010/9/8,7121.57,8934.14
2010/9/9,7084.48,8887.6
2010/9/10,7117.9,8929.53
2010/9/13,7282.23,9135.68
2010/9/14,7317.82,9181.3
2010/9/15,7348.78,9223.3
2010/9/16,7295.49,9156.42
2010/9/17,7354.66,9230.69
2010/9/20,7396.66,9283.39
2010/9/21,7409.6,9299.64
2010/9/23,7404.13,9296.11
2010/9/24,7368.44,9251.29
2010/9/27,7421.26,9317.62
2010/9/28,7394.29,9283.76
2010/9/29,7448.92,9352.34
2010/9/30,7416.33,9311.42
2010/10/1,7434.46,9334.19
2010/10/4,7447.6,9350.69
2010/10/5,7437.41,9337.89
2010/10/6,7549.72,9478.91
2010/10/7,7546.7,9475.11
2010/10/8,7505.34,9423.18
2010/10/11,7468.85,9377.37
2010/10/12,7411.14,9304.91
2010/10/13,7402.42,9293.97
2010/10/14,7479.07,9390.2
2010/10/15,7439.73,9340.8
2010/10/18,7300.63,9166.17
2010/10/19,7294.84,9158.89
2010/10/20,7369.44,9252.55
2010/10/21,7387.94,9275.78
2010/10/22,7427.26,9325.15
2010/10/25,7536.01,9461.68
2010/10/26,7548.58,9477.47
2010/10/27,7494.79,9409.93
2010/10/28,7563.47,9496.16
2010/10/29,7496.95,9412.65
2010/11/1,7550.46,9479.83
2010/11/2,7486.58,9399.63
2010/11/3,7374.76,9259.23
2010/11/4,7465.49,9373.14
2010/11/5,7562.36,9494.77
2010/11/8,7542.11,9469.34
2010/11/9,7555.52,9486.19
2010/11/10,7549.77,9478.96
2010/11/11,7582.71,9520.32
2010/11/12,7480.2,9391.62
2010/11/15,7358.27,9238.54
2010/11/16,7375.38,9260.01
2010/11/17,7339.13,9214.51
2010/11/18,7387.75,9275.55
2010/11/19,7389.25,9277.42
2010/11/22,7454.65,9359.53
2010/11/23,7419.15,9314.97
2010/11/24,7396.75,9286.84
2010/11/25,7446.44,9349.23
2010/11/26,7402.91,9294.58
2010/11/29,7514.48,9434.66
2010/11/30,7583.97,9521.9
2010/12/1,7700.95,9668.77
2010/12/2,7745.13,9724.25
2010/12/3,7738.6,9716.05
2010/12/6,7799.96,9793.09
2010/12/7,7818.62,9817.52
2010/12/8,7801.12,9795.55
2010/12/9,7855.88,9864.31
2010/12/10,7821.74,9821.44
2010/12/13,7874.1,9887.19
2010/12/14,7850.99,9858.17
2010/12/15,7825.28,9825.88
2010/12/16,7844.66,9850.22
2010/12/17,7843.61,9848.9
2010/12/20,7821.93,9821.68
2010/12/21,7892.21,9909.93
2010/12/22,7923.41,9949.1
2010/12/23,7952.31,9985.4
2010/12/24,7916.42,9940.32
2010/12/27,7931.77,9959.6
2010/12/28,7906.65,9928.06
2010/12/29,7902.79,9923.21
2010/12/30,7947.71,9979.61
2010/12/31,7964.33,10000.49
2011/1/3,8064.48,10126.24
2011/1/4,8073.91,10138.08
2011/1/5,7945.64,9977.02
2011/1/6,7993.69,10037.35
2011/1/7,7879.17,9893.56
2011/1/10,7917.87,9942.15
2011/1/11,8019.69,10069.99
2011/1/12,8065.55,10127.58
2011/1/13,8063.54,10125.06
2011/1/14,8063.21,10124.64
2011/1/17,7973.12,10011.52
2011/1/18,8021.23,10071.93
2011/1/19,8104.95,10177.06
2011/1/20,8059.35,10119.8
2011/1/21,8020.67,10071.23
2011/1/24,7991.29,10034.34
2011/1/25,8032.39,10085.94
2011/1/26,8063.65,10125.19
2011/1/27,8089.42,10157.56
2011/1/28,8096.09,10165.93
2011/2/8,8052.39,10111.06
2011/2/9,7990.57,10033.44
2011/2/10,7882.62,9897.89
2011/2/11,7627.05,9576.98
2011/2/14,7699.81,9668.34
2011/2/15,7733.51,9710.66
2011/2/16,7752.62,9734.65
2011/2/17,7709.82,9680.91
2011/2/18,7858.49,9867.59
2011/2/21,7860.07,9869.57
2011/2/22,7687.38,9652.73
2011/2/23,7508.14,9427.66
2011/2/24,7562.46,9495.88
2011/2/25,7606.28,9550.9
2011/3/1,7735.32,9712.93
2011/3/2,7662.43,9621.4
2011/3/3,7781.78,9771.27
2011/3/4,7763.34,9748.11
2011/3/7,7711.6,9683.14
2011/3/8,7719.32,9692.83
2011/3/9,7736.76,9714.73
2011/3/10,7634.3,9586.08
2011/3/11,7582.93,9521.57
2011/3/14,7456.48,9362.8
2011/3/15,7110.33,8928.16
2011/3/16,7240.7,9091.85
2011/3/17,7210.97,9054.52
2011/3/18,7353.75,9233.8
2011/3/21,7423.86,9321.84
2011/3/22,7475.06,9386.13
2011/3/23,7499.76,9417.14
2011/3/24,7533.22,9459.16
2011/3/25,7513.92,9434.92
2011/3/28,7452.12,9357.33
2011/3/29,7469.98,9379.75
2011/3/30,7546.49,9475.82
2011/3/31,7588.48,9528.55
2011/4/1,7649.17,9604.75
2011/4/6,7737.78,9716.02
2011/4/7,7819.98,9819.23
2011/4/8,7842.15,9847.07
2011/4/11,7853.04,9860.74
2011/4/12,7708.43,9679.16
2011/4/13,7743.77,9723.54
2011/4/14,7790,9781.58
2011/4/15,7707.85,9678.44
2011/4/18,7699.61,9668.08
2011/4/19,7623.1,9572.02
2011/4/20,7810.3,9807.08
2011/4/21,7952.06,9985.08
2011/4/22,7952.04,9985.05
2011/4/25,7948.03,9980.02
2011/4/26,7946.36,9977.92
2011/4/27,8012.96,10061.55
2011/4/28,7964.83,10001.12
2011/4/29,7908.45,9930.31
2011/5/3,7832.62,9835.11
2011/5/4,7925.23,9951.39
2011/5/5,7986.49,10028.31
2011/5/6,7964.53,10000.74
2011/5/9,8005.12,10051.7
2011/5/10,7980.79,10021.16
2011/5/11,7986.11,10027.84
2011/5/12,7983.84,10024.99
2011/5/13,7976.43,10015.68
2011/5/16,7873.99,9887.04
2011/5/17,7823.19,9823.26
2011/5/18,7878.56,9892.79
2011/5/19,7822.6,9822.53
2011/5/20,7771.01,9757.75
2011/5/23,7691.15,9657.46
2011/5/24,7695.66,9663.12
2011/5/25,7658.82,9616.87
2011/5/26,7748.12,9728.99
2011/5/27,7793.29,9785.72
2011/5/30,7827.8,9829.05
2011/5/31,8010.51,10058.47
2011/6/1,8041.12,10096.9
2011/6/2,8008.01,10055.34
2011/6/3,8031.37,10084.67
2011/6/7,8032.35,10085.89
2011/6/8,7998.58,10043.49
2011/6/9,8001.24,10046.83
2011/6/10,7867.83,9879.31
2011/6/13,7747.87,9728.69
2011/6/14,7832.81,9835.34
2011/6/15,7809.24,9805.74
2011/6/16,7632.83,9584.23
2011/6/17,7614.33,9561
2011/6/20,7486.96,9401.07
2011/6/21,7543.05,9476.25
2011/6/22,7594.79,9541.25
2011/6/23,7551.95,9487.43
2011/6/24,7568.94,9508.78
2011/6/27,7580.44,9524.66
2011/6/28,7548.75,9492.05
2011/6/29,7626.4,9594.44
2011/6/30,7695.2,9685.29
2011/7/1,7760.13,9771.74
2011/7/4,7789.14,9810.16
2011/7/5,7802.75,9830.01
2011/7/6,7851.36,9891.25
2011/7/7,7891.73,9942.11
2011/7/8,7871.45,9920.91
2011/7/11,7840.21,9896.74
2011/7/12,7655.56,9673.68
2011/7/13,7649.31,9676.65
2011/7/14,7605.92,9644.25
2011/7/15,7740.47,9821.81
2011/7/18,7718.38,9806.49
2011/7/19,7718.85,9819.21
2011/7/20,7841.07,9974.68
2011/7/21,7890.69,10057.75
2011/7/22,7942.81,10124.18
2011/7/25,7819.35,9969.53
2011/7/26,7911.2,10112.68
2011/7/27,8021.15,10255.93
2011/7/28,7956.51,10214.73
2011/7/29,7788.57,10004.88
2011/8/1,7920.74,10174.66
2011/8/2,7860.33,10116.33
2011/8/3,7758.56,9985.35
2011/8/4,7561.38,9736.29
2011/8/5,7068.64,9104.79
2011/8/8,6737.29,8683.02
2011/8/9,6736.28,8694.39
2011/8/10,7014.61,9077.67
2011/8/11,6998.15,9061.08
2011/8/12,6961.35,9022.49
2011/8/15,7125.6,9235.36
2011/8/16,7117.64,9225.05
2011/8/17,7070.93,9165.13
2011/8/18,6938.44,8994.49
2011/8/19,6606.7,8564.45
2011/8/22,6502.54,8429.43
2011/8/23,6721.15,8712.82
2011/8/24,6672.18,8652.94
2011/8/25,6533.59,8479.7
2011/8/26,6537.01,8484.13
2011/8/29,6680.06,8669.79
2011/8/30,6777.26,8795.94
2011/8/31,6839.5,8876.72
2011/9/1,6841.24,8883.72
2011/9/2,6873.74,8925.92
2011/9/5,6693.54,8691.92
2011/9/6,6462.17,8391.47
2011/9/7,6599.36,8569.63
2011/9/8,6642.08,8625.09
2011/9/9,6692.16,8697.55
2011/9/13,6508.84,8461.27
2011/9/14,6300.1,8189.91
2011/9/15,6478.44,8421.74
2011/9/16,6700.5,8710.42
2011/9/19,6580.89,8557
2011/9/20,6600.29,8582.89
2011/9/21,6642.03,8637.17
2011/9/22,6424.85,8359.44
2011/9/23,6142.03,7991.45
2011/9/26,5875.98,7647.07
2011/9/27,6040.21,7860.8
2011/9/28,6109.63,7951.15
2011/9/29,6182.88,8046.49
2011/9/30,6207.81,8078.92
2011/10/3,6007.36,7820.36
2011/10/4,6047.54,7872.67
2011/10/5,5964.91,7765.1
2011/10/6,6067.68,7898.89
2011/10/7,6142.11,7995.78
2011/10/11,6335.2,8247.15
2011/10/12,6365.33,8286.37
2011/10/13,6452.36,8399.66
2011/10/14,6409.11,8343.36
2011/10/17,6482.94,8439.47
2011/10/18,6390.18,8318.72
2011/10/19,6362.5,8284.81
2011/10/20,6260.75,8152.31
2011/10/21,6282.85,8181.09
2011/10/24,6457.22,8408.15
2011/10/25,6476.39,8435.21
2011/10/26,6526.33,8500.25
2011/10/27,6583.43,8574.63
2011/10/28,6570.59,8557.9
2011/10/31,6547.41,8527.71
2011/11/1,6594.02,8588.42
2011/11/2,6592,8585.78
2011/11/3,6458.68,8412.15
2011/11/4,6621.73,8624.5
2011/11/7,6623.29,8626.54
2011/11/8,6595.12,8589.85
2011/11/9,6551.66,8533.25
2011/11/10,6279.02,8178.14
2011/11/11,6315.27,8225.36
2011/11/14,6437.71,8384.84
2011/11/15,6382.98,8313.55
2011/11/16,6294.81,8198.71
2011/11/17,6293.37,8196.83
2011/11/18,6160.31,8023.52
2011/11/21,5941.09,7738
2011/11/22,5882.24,7661.36
2011/11/23,5691.08,7412.38
2011/11/24,5774.23,7520.68
2011/11/25,5701.55,7426.01
2011/11/28,5784.94,7534.63
2011/11/29,5879.22,7657.42
2011/11/30,5760.81,7503.2
2011/12/1,6061.18,7894.42
2011/12/2,6039.8,7866.58
2011/12/5,5889.94,7671.38
2011/12/6,5812.14,7570.06
2011/12/7,5864.87,7638.73
2011/12/8,5896.61,7680.07
2011/12/9,5995.34,7808.66
2011/12/12,5749.91,7489.01
2011/12/13,5618.05,7317.26
2011/12/14,5469.49,7123.77
2011/12/15,5780.3,7528.59
2011/12/16,5760.46,7502.74
2011/12/19,5919.32,7709.66
2011/12/20,5740.71,7477.02
2011/12/21,5847.56,7616.19
2011/12/22,5755.9,7496.8
2011/12/23,5629.5,7332.17
2011/12/26,5428.38,7070.22
2011/12/27,5900.61,7685.27
2011/12/28,5677.52,7394.71
2011/12/29,5879.27,7657.49
2011/12/30,5880.23,7658.73
2012/1/2,5760.47,7502.76
2012/1/3,5866.86,7641.33
2012/1/4,5896.63,7680.1
2012/1/5,5969.61,7775.15
2012/1/6,5945.92,7744.29
2012/1/9,5927.46,7720.25
2012/1/10,6011.15,7829.26
2012/1/11,6041.75,7869.11
2012/1/12,6030.91,7854.99
2012/1/13,5999.64,7814.26
2012/1/16,5979.1,7787.51
2012/1/17,6138.5,7995.12
2012/1/18,6172.94,8039.98
2012/1/30,6385.64,8317
2012/1/31,6510.27,8479.34
2012/2/1,6586.91,8579.16
2012/2/2,6698.24,8724.16
2012/2/3,6705.49,8733.6
2012/2/6,6691.73,8715.68
2012/2/7,6747.17,8787.88
2012/2/8,6915.22,9006.76
2012/2/9,6945.26,9045.89
2012/2/10,6881.47,8962.8
2012/2/13,6926.63,9021.62
2012/2/14,6874.4,8953.61
2012/2/15,6977.28,9087.6
2012/2/16,6808.58,8867.87
2012/2/17,6827.23,8892.16
2012/2/20,6914.23,9005.48
2012/2/21,6884.66,8966.96
2012/2/22,6967.46,9074.8
2012/2/23,6925.79,9020.53
2012/2/24,6915.56,9007.21
2012/2/29,7038.14,9166.87
2012/3/1,7082.09,9224.11
2012/3/2,7099.75,9247.1
2012/3/5,6927.43,9022.67
2012/3/6,6838.28,8906.55
2012/3/7,6825.51,8889.92
2012/3/8,6917.51,9009.74
2012/3/9,6963.13,9069.17
2012/3/12,6889.14,8972.8
2012/3/13,6946.78,9047.88
2012/3/14,7045.71,9176.72
2012/3/15,7049.85,9182.11
2012/3/16,7017.79,9140.35
2012/3/19,6970.72,9079.05
2012/3/20,6898,8984.34
2012/3/21,6873.23,8952.08
2012/3/22,6946.2,9047.12
2012/3/23,6994.47,9109.98
2012/3/26,6919.28,9012.06
2012/3/27,6913.35,9004.32
2012/3/28,6923.73,9017.85
2012/3/29,6699.77,8726.15
2012/3/30,6774.57,8823.58
2012/4/2,6701.49,8728.39
2012/4/3,6538.86,8516.58
2012/4/5,6417.12,8358.02
2012/4/6,6512.7,8482.5
2012/4/9,6431.91,8377.27
2012/4/10,6490,8452.94
2012/4/11,6496.17,8460.97
2012/4/12,6514.84,8485.28
2012/4/13,6663.48,8678.89
2012/4/16,6601.91,8598.69
2012/4/17,6461.95,8416.4
2012/4/18,6476.45,8435.29
2012/4/19,6507.99,8476.36
2012/4/20,6385.91,8317.37
2012/4/23,6333.1,8248.57
2012/4/24,6336.73,8253.31
2012/4/25,6437.19,8384.15
2012/4/26,6392.63,8326.11
2012/4/27,6298.18,8203.09
2012/4/30,6345.61,8264.88
2012/5/2,6561.51,8546.07
2012/5/3,6540.95,8519.3
2012/5/4,6591.23,8584.78
2012/5/7,6469.15,8429.14
2012/5/8,6471.59,8432.33
2012/5/9,6400.32,8339.46
2012/5/10,6393.74,8330.89
2012/5/11,6301.02,8210.08
2012/5/14,6265.88,8164.29
2012/5/15,6282.4,8185.82
2012/5/16,6132.03,7989.88
2012/5/17,6247.45,8140.28
2012/5/18,6037.07,7866.15
2012/5/21,6052.46,7886.2
2012/5/22,6149.62,8012.8
2012/5/23,6055.26,7889.86
2012/5/24,6012.64,7834.33
2012/5/25,5969.91,7778.65
2012/5/28,6029.92,7856.85
2012/5/29,6256.85,8157.95
2012/5/30,6211.14,8098.36
2012/5/31,6243.43,8140.46
2012/6/1,6063.14,7905.38
2012/6/4,5849.59,7629.33
2012/6/5,5966.2,7781.42
2012/6/6,6026.93,7860.62
2012/6/7,6029.61,7864.12
2012/6/8,6019.9,7851.46
2012/6/11,6106.49,7964.39
2012/6/12,6082.45,7933.03
2012/6/13,6095,7949.4
2012/6/14,6064.15,7909.16
2012/6/15,6171.39,8049.03
2012/6/18,6267.29,8174.11
2012/6/19,6240.81,8139.57
2012/6/20,6292.45,8206.93
2012/6/21,6266.79,8174.09
2012/6/22,6227.57,8122.92
2012/6/25,6176.77,8056.66
2012/6/26,6141.21,8010.28
2012/6/27,6179.14,8060.24
2012/6/28,6145.27,8026.87
2012/6/29,6245.09,8159.44
2012/7/2,6272.69,8197.83
2012/7/3,6328.44,8277
2012/7/4,6393.12,8366.22
2012/7/5,6383.28,8359.54
2012/7/6,6340.2,8307.53
2012/7/9,6318.23,8285.48
2012/7/10,6261.19,8210.68
2012/7/11,6288.44,8259.7
2012/7/12,6205.84,8165.12
2012/7/13,6162.28,8111.9
2012/7/16,6107.86,8053.55
2012/7/17,6137.19,8113.86
2012/7/18,6073.72,8034.06
2012/7/19,6152.89,8144.94
2012/7/20,6163,8173
2012/7/23,6051.86,8028.64
2012/7/24,6033.39,8004.14
2012/7/25,6019.98,8001.09
2012/7/26,6033.67,8023.77
2012/7/27,6149.03,8183.15
2012/7/30,6197.34,8247.45
2012/7/31,6234.8,8304.29
2012/8/1,6236.5,8321.66
2012/8/2,6236.5,8330.2
2012/8/3,6166.72,8236.99
2012/8/6,6221.99,8319.98
2012/8/7,6239.22,8349.23
2012/8/8,6273.57,8399.14
2012/8/9,6381.99,8553.27
2012/8/10,6366.4,8534.24
2012/8/13,6344.04,8505.77
2012/8/14,6374.55,8547.17
2012/8/15,6376.84,8555.03
2012/8/16,6432.92,8645.6
2012/8/17,6417.11,8624.35
2012/8/20,6359.41,8546.8
2012/8/21,6405.27,8608.44
2012/8/22,6404.88,8617.42
2012/8/23,6414.41,8630.68
2012/8/24,6386.59,8593.25
2012/8/27,6344.97,8537.24
2012/8/28,6248.94,8408.04
2012/8/29,6285.57,8457.33
2012/8/30,6260.39,8423.44
2012/8/31,6285.25,8456.89
2012/9/3,6339.67,8530.12
2012/9/4,6334.94,8523.76
2012/9/5,6280.02,8450.19
2012/9/6,6254.42,8416.77
2012/9/7,6321.01,8506.39
2012/9/10,6359.36,8557.99
2012/9/11,6359.64,8558.38
2012/9/12,6421.07,8642.27
2012/9/13,6443.03,8671.83
2012/9/14,6539.22,8801.29
2012/9/17,6590.34,8870.09
2012/9/18,6579.63,8856.95
2012/9/19,6630.96,8926.05
2012/9/20,6609.07,8896.58
2012/9/21,6652.39,8954.89
2012/9/24,6664.63,8971.38
2012/9/25,6619.93,8911.2
2012/9/26,6539.21,8802.55
2012/9/27,6557.81,8827.58
2012/9/28,6574.48,8851.17
2012/10/1,6563.09,8835.84
2012/10/2,6583.44,8863.24
2012/10/3,6555.28,8825.32
2012/10/4,6547.88,8815.36
2012/10/5,6549.46,8817.49
2012/10/8,6482.84,8727.8
2012/10/9,6483.58,8728.79
2012/10/11,6365.8,8570.23
2012/10/12,6335.5,8529.43
2012/10/15,6317.79,8505.59
2012/10/16,6363.82,8567.56
2012/10/17,6363.03,8566.5
2012/10/18,6353.53,8553.7
2012/10/19,6327.94,8519.25
2012/10/22,6302.45,8484.94
2012/10/23,6248.38,8412.14
2012/10/24,6221.63,8376.13
2012/10/25,6151.88,8282.23
2012/10/26,5961.53,8025.96
2012/10/29,5872.07,7905.51
2012/10/30,5960.13,8024.07
2012/10/31,5912.58,7960.07
2012/11/1,5940.37,7997.47
2012/11/2,5955.13,8017.34
2012/11/5,5931.25,7985.2
2012/11/6,5994.22,8069.98
2012/11/7,6053.98,8150.43
2012/11/8,5999.71,8077.37
2012/11/9,6063.2,8162.83
2012/11/12,6040.78,8132.66
2012/11/13,5931.49,7985.52
2012/11/14,5946.59,8005.85
2012/11/15,5958.66,8022.09
2012/11/16,5909.33,7955.68
2012/11/19,5877.78,7913.21
2012/11/20,5889.31,7928.73
2012/11/21,5833.6,7853.72
2012/11/22,5860.26,7889.62
2012/11/23,6037.07,8127.66
2012/11/26,6114.26,8231.58
2012/11/27,6132.81,8256.56
2012/11/28,6129.87,8252.6
2012/11/29,6181.34,8321.89
2012/11/30,6240.07,8400.96
2012/12/3,6264.83,8434.28
2012/12/4,6308.72,8493.38
2012/12/5,6380.69,8590.27
2012/12/6,6363.51,8567.14
2012/12/7,6365.09,8569.27
2012/12/10,6324.85,8515.1
2012/12/11,6321.77,8510.95
2012/12/12,6388.39,8600.64
2012/12/13,6437.92,8667.33
2012/12/14,6404.94,8622.92
2012/12/17,6373.06,8580
2012/12/18,6379.51,8588.68
2012/12/19,6396.24,8611.2
2012/12/20,6323.99,8513.94
2012/12/21,6250.1,8414.46
2012/12/24,6287.61,8464.96
2012/12/25,6312.9,8499.01
2012/12/26,6392.95,8606.77
2012/12/27,6390.28,8603.18
2012/12/28,6393.2,8607.12
2012/12/31,6422.4,8646.43
2013/1/2,6485.89,8731.91
2013/1/3,6541.95,8807.37
2013/1/4,6510.47,8764.99
2013/1/7,6477.04,8719.99
2013/1/8,6461.68,8699.31
2013/1/9,6476.15,8718.78
2013/1/10,6539.69,8804.33
2013/1/11,6558.52,8829.68
2013/1/14,6559.45,8830.93
2013/1/15,6511.33,8766.16
2013/1/16,6469.8,8710.24
2013/1/17,6354.31,8554.76
2013/1/18,6448.83,8682.01
2013/1/21,6457.84,8694.13
2013/1/22,6496.26,8745.87
2013/1/23,6470.41,8711.06
2013/1/24,6432.38,8659.86
2013/1/25,6420.93,8644.44
2013/1/28,6476.96,8719.88
2013/1/29,6548.12,8815.68
2013/1/30,6585.64,8866.19
2013/1/31,6597.58,8882.27
2013/2/1,6607.08,8895.06
2013/2/4,6652.42,8956.1
2013/2/5,6628.2,8923.5
2013/2/6,6615.79,8906.79
2013/2/18,6664.87,8972.86
2013/2/19,6691.29,9008.42
2013/2/20,6742.69,9077.64
2013/2/21,6696.83,9015.89
2013/2/22,6679.62,8992.71
2013/2/25,6705.7,9027.83
2013/2/26,6688.3,9004.4
2013/2/27,6626.69,8921.45
2013/2/28,6639.93,8939.29
2013/3/1,6717.86,9044.2
2013/3/4,6673.24,8984.13
2013/3/5,6732.19,9063.49
2013/3/6,6743.85,9079.19
2013/3/7,6763.49,9105.63
2013/3/8,6810.87,9169.41
2013/3/11,6844.3,9214.42
2013/3/12,6792.23,9144.32
2013/3/13,6791.64,9143.53
2013/3/14,6731.48,9062.53
2013/3/15,6718.44,9044.98
2013/3/18,6596.08,8880.24
2013/3/19,6629.6,8925.38
2013/3/20,6607.68,8895.86
2013/3/21,6640.48,8940.02
2013/3/22,6628.05,8923.29
2013/3/25,6672.57,8983.22
2013/3/26,6675.98,8987.82
2013/3/27,6703.28,9024.58
2013/3/28,6691.46,9008.65
2013/3/29,6725.58,9054.59
2013/4/1,6707.14,9029.77
2013/4/2,6712.85,9037.46
2013/4/3,6769.87,9114.23
2013/4/8,6569.35,8844.26
2013/4/9,6557.96,8828.93
2013/4/10,6590.81,8873.16
2013/4/11,6698.28,9017.84
2013/4/12,6680.3,8993.63
2013/4/15,6633.77,8930.99
2013/4/16,6673.01,8983.82
2013/4/17,6705.53,9027.61
2013/4/18,6705.37,9027.39
2013/4/19,6759.66,9100.48
2013/4/22,6797.24,9151.07
2013/4/23,6805.22,9161.82
2013/4/24,6867.2,9247.68
2013/4/25,6864.01,9243.39
2013/4/26,6853.53,9229.27
2013/4/29,6864.14,9243.56
2013/4/30,6930.15,9332.46
2013/5/2,6944.34,9351.56
2013/5/3,6960.28,9373.03
2013/5/6,6982.77,9403.31
2013/5/7,6975.88,9394.03
2013/5/8,7036.63,9475.85
2013/5/9,7031.36,9468.74
2013/5/10,7048.58,9491.94
2013/5/13,7025.31,9460.59
2013/5/14,7018.37,9451.25
2013/5/15,7078.06,9531.64
2013/5/16,7156.82,9637.69
2013/5/17,7122.57,9591.57
2013/5/20,7148.31,9626.23
2013/5/21,7179.13,9667.74
2013/5/22,7220.14,9722.96
2013/5/23,7092.01,9550.42
2013/5/24,7047.24,9490.13
2013/5/27,7109.71,9574.26
2013/5/28,7125.12,9595
2013/5/29,7185.95,9676.93
2013/5/30,7109.32,9573.72
2013/5/31,7144.6,9621.24
2013/6/3,7109.52,9574
2013/6/4,7050.2,9494.12
2013/6/5,7046.34,9488.91
2013/6/6,6960.77,9373.68
2013/6/7,6919.77,9319.95
2013/6/10,6989.28,9413.58
2013/6/11,6952.94,9364.64
2013/6/13,6846.16,9220.81
2013/6/14,6802.8,9162.42
2013/6/17,6876.83,9262.12
2013/6/18,6884.13,9271.96
2013/6/19,6903.09,9299.26
2013/6/20,6817.81,9184.37
2013/6/21,6736.8,9075.25
2013/6/24,6703.46,9030.33
2013/6/25,6561.9,8839.64
2013/6/26,6683.75,9009.24
2013/6/27,6753.76,9115.61
2013/6/28,6820.15,9215.94
2013/7/1,6883.55,9305.72
2013/7/2,6853.91,9271.24
2013/7/3,6798.14,9201.26
2013/7/4,6753.11,9148.61
2013/7/5,6845.8,9274.18
2013/7/8,6788.39,9201.79
2013/7/9,6817.1,9241.08
2013/7/10,6866.04,9312.82
2013/7/11,7006.2,9508.95
2013/7/12,7039.05,9567.22
2013/7/15,7081.24,9637.52
2013/7/16,7105.77,9686.12
2013/7/17,7117.45,9706.86
2013/7/18,7072.46,9660.38
2013/7/19,7011.04,9576.49
2013/7/22,7048.44,9633.5
2013/7/23,7153.74,9782.88
2013/7/24,7128.19,9756.28
2013/7/25,7075.1,9710.85
2013/7/26,7045.72,9677.92
2013/7/29,6982.54,9598.34
2013/7/30,7058.51,9705.62
2013/7/31,7000.57,9637.14
2013/8/1,6968.42,9610.18
2013/8/2,6982.58,9629.71
2013/8/5,7030.72,9697.8
2013/8/6,6970.73,9619.29
2013/8/7,6854.81,9461.1
2013/8/8,6864.48,9485.83
2013/8/9,6820.74,9426.76
2013/8/12,6857.88,9482.92
2013/8/13,6952.29,9613.47
2013/8/14,6923.91,9577.99
2013/8/15,6858.93,9500.41
2013/8/16,6891.99,9546.21
2013/8/19,6882.47,9538.13
2013/8/20,6804.1,9429.99
2013/8/21,6804.1,9429.99
2013/8/22,6805.52,9431.96
2013/8/23,6845.24,9490.09
2013/8/26,6861.51,9512.64
2013/8/27,6795.57,9421.23
2013/8/28,6786.53,9409.04
2013/8/29,6868.91,9526.39
2013/8/30,6966.01,9661.06
2013/9/2,6990.35,9696.22
2013/9/3,7050.5,9781.22
2013/9/4,7056.78,9789.93
2013/9/5,7180.01,9960.88
2013/9/6,7176.55,9956.09
2013/9/9,7200.87,9989.82
2013/9/10,7196.18,9986.73
2013/9/11,7195.51,9986.33
2013/9/12,7221.33,10022.17
2013/9/13,7193.88,9984.06
2013/9/16,7161.41,9939
2013/9/17,7237.6,10044.74
2013/9/18,7220.29,10020.72
2013/9/20,7210.35,10006.93
2013/9/23,7268.82,10088.07
2013/9/24,7298.74,10129.59
2013/9/25,7290.13,10117.65
2013/9/26,7193.53,9983.58
2013/9/27,7197.56,9989.18
2013/9/30,7188.77,9976.97
2013/10/1,7192.88,9982.68
2013/10/2,7221.04,10021.75
2013/10/3,7352.98,10204.87
2013/10/4,7382.01,10245.16
2013/10/7,7385.64,10250.2
2013/10/8,7389.41,10255.43
2013/10/9,7352.91,10204.78
2013/10/11,7347,10196.58
2013/10/14,7276.78,10099.12
2013/10/15,7356.24,10209.4
2013/10/16,7322.22,10162.18
2013/10/17,7336.89,10182.55
2013/10/18,7392.51,10259.74
2013/10/21,7374.47,10234.7
2013/10/22,7359.86,10214.42
2013/10/23,7331.33,10174.82
2013/10/24,7351.54,10202.87
2013/10/25,7289.78,10117.16
2013/10/28,7304.46,10137.53
2013/10/29,7319.23,10158.04
2013/10/30,7343.04,10191.07
2013/10/31,7343.57,10191.81
2013/11/1,7273.99,10095.24
2013/11/4,7250.49,10062.64
2013/11/5,7191.67,9981
2013/11/6,7155.21,9930.4
2013/11/7,7149.75,9922.82
2013/11/8,7087.35,9836.22
2013/11/11,7029.84,9756.4
2013/11/12,7026.46,9751.71
2013/11/13,6968.72,9671.58
2013/11/14,7030.39,9757.17
2013/11/15,7065.17,9805.44
2013/11/18,7046.84,9779.99
2013/11/19,7128.41,9893.21
2013/11/20,7084.28,9831.96
2013/11/21,6989.78,9700.8
2013/11/22,6996,9709.44
2013/11/25,7067.36,9808.48
2013/11/26,7121.72,9883.92
2013/11/27,7157.45,9933.51
2013/11/28,7230.42,10034.78
2013/11/29,7280.48,10104.25
2013/12/2,7307.74,10142.09
2013/12/3,7296.57,10126.58
2013/12/4,7321.17,10160.73
2013/12/5,7269.63,10089.19
2013/12/6,7270.74,10090.74
2013/12/9,7295.81,10125.53
2013/12/10,7268.38,10087.46
2013/12/11,7211.84,10008.99
2013/12/12,7171.77,9953.38
2013/12/13,7195.06,9985.7
2013/12/16,7155.64,9932.01
2013/12/17,7160.25,9938.41
2013/12/18,7193.61,9984.72
2013/12/19,7223.84,10026.67
2013/12/20,7242.87,10053.08
2013/12/23,7250.6,10063.82
2013/12/24,7269.53,10090.09
2013/12/25,7287.2,10114.62
2013/12/26,7293.17,10122.9
2013/12/27,7330.27,10174.39
2013/12/30,7398.21,10268.69
2013/12/31,7403.76,10276.4
2014/1/2,7449.98,10340.56
2014/1/3,7395.07,10264.34
2014/1/6,7342.9,10191.92
2014/1/7,7397.4,10267.57
2014/1/8,7455.74,10348.55
2014/1/9,7416.84,10294.56
2014/1/10,7442.7,10330.45
2014/1/13,7435.15,10319.97
2014/1/14,7418.75,10297.2
2014/1/15,7452.51,10344.07
2014/1/16,7445.72,10334.64
2014/1/17,7437.33,10322.99
2014/1/20,7476.22,10376.97
2014/1/21,7492.29,10399.29
2014/1/22,7487.19,10392.21
2014/1/23,7469.46,10367.6
2014/1/24,7467.11,10364.33
2014/1/27,7350.38,10202.32
2014/2/5,7244.17,10054.9
2014/2/6,7287.21,10114.63
2014/2/7,7350.93,10203.07
2014/2/10,7369.46,10228.79
2014/2/11,7393.49,10262.15
2014/2/12,7448.69,10338.77
2014/2/13,7412.72,10288.84
2014/2/14,7405.11,10278.28
2014/2/17,7417.86,10295.97
2014/2/18,7448.33,10338.27
2014/2/19,7443.76,10331.92
2014/2/20,7426.05,10307.34
2014/2/21,7473.88,10373.73
2014/2/24,7445.02,10333.66
2014/2/25,7456.57,10349.7
2014/2/26,7503.97,10415.49
2014/2/27,7564.71,10499.8
2014/3/3,7557.71,10490.08
2014/3/4,7500.43,10410.58
2014/3/5,7549.79,10479.09
2014/3/6,7578.75,10519.28
2014/3/7,7540.21,10465.79
2014/3/10,7505.13,10417.11
2014/3/11,7514.7,10430.38
2014/3/12,7512.74,10427.67
2014/3/13,7508.02,10421.11
2014/3/14,7460.94,10355.76
2014/3/17,7495.78,10404.12
2014/3/18,7506.32,10418.75
2014/3/19,7464.33,10360.47
2014/3/20,7382.53,10246.93
2014/3/21,7387.2,10253.42
2014/3/24,7399.96,10271.12
2014/3/25,7452.47,10344.01
2014/3/26,7503.98,10415.51
2014/3/27,7506.82,10419.44
2014/3/28,7478.85,10380.62
2014/3/31,7575.95,10515.4
2014/4/1,7583.7,10526.16
2014/4/2,7637.67,10601.07
2014/4/3,7632.42,10593.78
2014/4/7,7639.62,10603.77
2014/4/8,7608.09,10560.01
2014/4/9,7645.96,10612.58
2014/4/10,7621.4,10578.49
2014/4/11,7564.35,10499.29
2014/4/14,7502.58,10413.57
2014/4/15,7561.05,10494.72
2014/4/16,7608.52,10560.61
2014/4/17,7639.71,10603.9
2014/4/18,7608.66,10560.81
2014/4/21,7597.22,10544.92
2014/4/22,7619.37,10575.66
2014/4/23,7593.28,10539.45
2014/4/24,7578.57,10519.03
2014/4/25,7404.51,10277.45
2014/4/28,7421.88,10301.55
2014/4/29,7508.62,10421.94
2014/4/30,7419.87,10298.77
2014/5/2,7508.31,10421.52
2014/5/5,7525.95,10446
2014/5/6,7542.84,10471.6
2014/5/7,7516.88,10435.56
2014/5/8,7558.01,10492.66
2014/5/9,7485.14,10391.5
2014/5/12,7427.46,10311.42
2014/5/13,7406.09,10281.75
2014/5/14,7440.6,10329.67
2014/5/15,7469.29,10369.49
2014/5/16,7485.28,10391.69
2014/5/19,7499.71,10411.72
2014/5/20,7469.5,10369.78
2014/5/21,7430.5,10315.64
2014/5/22,7484.4,10390.47
2014/5/23,7514.42,10432.15
2014/5/26,7553.9,10486.96
2014/5/27,7554.97,10488.44
2014/5/28,7618.34,10576.41
2014/5/29,7625.06,10585.75
2014/5/30,7650.32,10620.82
2014/6/3,7664.09,10639.92
2014/6/4,7639.05,10605.17
2014/6/5,7643.4,10611.2
2014/6/6,7633.82,10597.91
2014/6/9,7636.42,10601.51
2014/6/10,7687.73,10672.75
2014/6/11,7694.8,10682.56
2014/6/12,7720.51,10718.25
2014/6/13,7732.33,10734.66
2014/6/16,7737.55,10741.91
2014/6/17,7741.03,10749.45
2014/6/18,7756.86,10779.68
2014/6/19,7762.22,10787.12
2014/6/20,7727.87,10739.4
2014/6/23,7616.39,10584.46
2014/6/24,7628.8,10601.95
2014/6/25,7632.85,10607.58
2014/6/26,7685.74,10681.77
2014/6/27,7687.79,10690.9
2014/6/30,7775.02,10818.4
2014/7/1,7812.58,10879.63
2014/7/2,7787.85,10845.2
2014/7/3,7828.28,10903.49
