date,price
2007-07-06,0.02571983
2007-07-09,0.02665512
2007-07-10,0.02634363
2007-07-11,0.02638963
2007-07-12,0.02586691
2007-07-13,0.02614026
2007-07-16,0.02633075
2007-07-17,0.02640477
2007-07-18,0.02632320
2007-07-19,0.02618157
2007-07-20,0.02654892
2007-07-23,0.02712851
2007-07-24,0.02719519
2007-07-25,0.02726427
2007-07-26,0.02794056
2007-07-27,0.02789759
2007-07-30,0.02764121
2007-07-31,0.02774644
2007-08-01,0.02806413
2007-08-02,0.02899315
2007-08-03,0.02918565
2007-08-06,0.02942632
2007-08-07,0.02969257
2007-08-08,0.03055503
2007-08-09,0.03106775
2007-08-10,0.03134329
2007-08-13,0.03100107
2007-08-14,0.03110883
2007-08-15,0.03188925
2007-08-16,0.03181812
2007-08-17,0.03190050
2007-08-20,0.03226027
2007-08-21,0.03234438
2007-08-22,0.03214201
2007-08-23,0.03270966
2007-08-24,0.03295053
2007-08-27,0.03273742
2007-08-28,0.03286011
2007-08-29,0.03327760
2007-08-30,0.03374814
2007-08-31,0.03331452
2007-09-04,0.03355010
2007-09-05,0.03360336
2007-09-06,0.03340356
2007-09-07,0.03294740
2007-09-10,0.03339289
2007-09-11,0.03346843
2007-09-12,0.03316430
2007-09-13,0.03319475
2007-09-14,0.03275942
2007-09-17,0.03317976
2007-09-18,0.03323903
2007-09-19,0.03338185
2007-09-20,0.03372098
2007-09-21,0.03389822
2007-09-24,0.03396256
2007-09-25,0.03401508
2007-09-26,0.03398563
2007-09-27,0.03384376
2007-09-28,0.03411490
2007-10-01,0.03429669
2007-10-02,0.03455259
2007-10-03,0.03438375
2007-10-04,0.03439160
2007-10-05,0.03487431
2007-10-08,0.03440538
2007-10-09,0.03478877
2007-10-10,0.03433037
2007-10-11,0.03399609
2007-10-12,0.03401055
2007-10-15,0.03384244
2007-10-16,0.03411197
2007-10-17,0.03423228
2007-10-18,0.03450992
2007-10-19,0.03438998
2007-10-22,0.03461393
2007-10-23,0.03475344
2007-10-24,0.03474761
2007-10-25,0.03470512
2007-10-26,0.03521691
2007-10-29,0.03508627
2007-10-30,0.03538274
2007-10-31,0.03541291
2007-11-01,0.03574580
2007-11-02,0.03528733
2007-11-05,0.03594465
2007-11-06,0.03651763
2007-11-07,0.03704686
2007-11-08,0.03672293
2007-11-09,0.03734342
2007-11-12,0.03828462
2007-11-13,0.03746234
2007-11-14,0.03796198
2007-11-15,0.03805501
2007-11-16,0.03793837
2007-11-19,0.03767638
2007-11-20,0.03849145
2007-11-21,0.03870817
2007-11-23,0.03957186
2007-11-26,0.03880620
2007-11-27,0.03902680
2007-11-28,0.03857653
2007-11-29,0.03916744
2007-11-30,0.03910612
2007-12-03,0.03938151
2007-12-04,0.03897299
2007-12-05,0.03916711
2007-12-06,0.03921114
2007-12-07,0.03848131
2007-12-10,0.03950496
2007-12-11,0.03940169
2007-12-12,0.03968575
2007-12-13,0.03963569
2007-12-14,0.04017637
2007-12-17,0.03951817
2007-12-18,0.03986174
2007-12-19,0.03997605
2007-12-20,0.03969937
2007-12-21,0.04036403
2007-12-24,0.04038485
2007-12-26,0.04024801
2007-12-27,0.04048347
2007-12-28,0.04026137
2007-12-31,0.04075754
2008-01-02,0.04091676
2008-01-03,0.04073731
2008-01-04,0.04154958
2008-01-07,0.04178589
2008-01-08,0.04175396
2008-01-09,0.04151679
2008-01-10,0.04221630
2008-01-11,0.04185940
2008-01-14,0.04212917
2008-01-15,0.04193789
2008-01-16,0.04238296
2008-01-17,0.04267484
2008-01-18,0.04184855
2008-01-22,0.04279134
2008-01-23,0.04297824
2008-01-24,0.04316306
2008-01-25,0.04396822
2008-01-28,0.04374406
2008-01-29,0.04401819
2008-01-30,0.04350008
2008-01-31,0.04373173
2008-02-01,0.04337162
2008-02-04,0.04343190
2008-02-05,0.04272837
2008-02-06,0.04313907
2008-02-07,0.04251854
2008-02-08,0.04236342
2008-02-11,0.04342122
2008-02-12,0.04315822
2008-02-13,0.04254433
2008-02-14,0.04234552
2008-02-15,0.04226621
2008-02-19,0.04150872
2008-02-20,0.04139598
2008-02-21,0.04152228
2008-02-22,0.04164716
2008-02-25,0.04191368
2008-02-26,0.04384166
2008-02-27,0.04418907
2008-02-28,0.04448690
2008-02-29,0.04459346
2008-03-03,0.04477351
2008-03-04,0.04403993
2008-03-05,0.04440503
2008-03-06,0.04472353
2008-03-07,0.04518922
2008-03-10,0.04496864
2008-03-11,0.04550923
2008-03-12,0.04551253
2008-03-13,0.04579564
2008-03-14,0.04569977
2008-03-17,0.04605213
2008-03-18,0.04599993
2008-03-19,0.04653868
2008-03-20,0.04687263
2008-03-24,0.04668934
2008-03-25,0.04675690
2008-03-26,0.04661082
2008-03-27,0.04689730
2008-03-28,0.04705536
2008-03-31,0.04716463
2008-04-01,0.04722197
2008-04-02,0.04743746
2008-04-03,0.04768577
2008-04-04,0.04814203
2008-04-07,0.04765451
2008-04-08,0.04806146
2008-04-09,0.04732819
2008-04-10,0.04789149
2008-04-11,0.04761827
2008-04-14,0.04743396
2008-04-15,0.04825382
2008-04-16,0.04875229
2008-04-17,0.04869026
2008-04-18,0.04961724
2008-04-21,0.04953847
2008-04-22,0.04946222
2008-04-23,0.04909374
2008-04-24,0.05043900
2008-04-25,0.04978889
2008-04-28,0.04969054
2008-04-29,0.04935945
2008-04-30,0.04897232
2008-05-01,0.04885038
2008-05-02,0.04885756
2008-05-05,0.04818845
2008-05-06,0.04849332
2008-05-07,0.04832308
2008-05-08,0.04900667
2008-05-09,0.04871645
2008-05-12,0.04843721
2008-05-13,0.04908843
2008-05-14,0.04883879
2008-05-15,0.04840020
2008-05-16,0.04855273
2008-05-19,0.04867465
2008-05-20,0.04801029
2008-05-21,0.04774849
2008-05-22,0.04815683
2008-05-23,0.04784764
2008-05-27,0.04768675
2008-05-28,0.04787089
2008-05-29,0.04686147
2008-05-30,0.04629561
2008-06-02,0.04667831
2008-06-03,0.04675639
2008-06-04,0.04661553
2008-06-05,0.04627405
2008-06-06,0.04637136
2008-06-09,0.04628907
2008-06-10,0.04637447
2008-06-11,0.04591653
2008-06-12,0.04681821
2008-06-13,0.04680219
2008-06-16,0.04535469
2008-06-17,0.04628103
2008-06-18,0.04682920
2008-06-19,0.04694037
2008-06-20,0.04748787
2008-06-23,0.04749704
2008-06-24,0.04685164
2008-06-25,0.04658727
2008-06-26,0.04686056
2008-06-27,0.04687519
2008-06-30,0.04677818
2008-07-01,0.04661036
2008-07-02,0.04712800
2008-07-03,0.04733368
2008-07-07,0.04773036
2008-07-08,0.04814463
2008-07-09,0.04784059
2008-07-10,0.04758754
2008-07-11,0.04792360
2008-07-14,0.04820923
2008-07-15,0.04870414
2008-07-16,0.04950096
2008-07-17,0.04937287
2008-07-18,0.04986815
2008-07-21,0.04863280
2008-07-22,0.04890059
2008-07-23,0.04947503
2008-07-24,0.05010493
2008-07-25,0.05015277
2008-07-28,0.05026313
2008-07-29,0.04951631
2008-07-30,0.05006389
2008-07-31,0.05029177
2008-08-01,0.05004946
2008-08-04,0.04958987
2008-08-05,0.05009805
2008-08-06,0.05017212
2008-08-07,0.04965221
2008-08-08,0.05046882
2008-08-11,0.05052828
2008-08-12,0.05154504
2008-08-13,0.05040216
2008-08-14,0.05049786
2008-08-15,0.05077851
2008-08-18,0.04998605
2008-08-19,0.04998743
2008-08-20,0.05055557
2008-08-21,0.05036559
2008-08-22,0.05030018
2008-08-25,0.05043905
2008-08-26,0.05039457
2008-08-27,0.05046861
2008-08-28,0.05048353
2008-08-29,0.05052679
2008-09-02,0.05070831
2008-09-03,0.05059678
2008-09-04,0.05045758
2008-09-05,0.05102602
2008-09-08,0.05115653
2008-09-09,0.05027793
2008-09-10,0.05136757
2008-09-11,0.05103579
2008-09-12,0.05031101
2008-09-15,0.05173577
2008-09-16,0.05151881
2008-09-17,0.05184242
2008-09-18,0.05213739
2008-09-19,0.05231078
2008-09-22,0.05494269
2008-09-23,0.05359715
2008-09-24,0.05398616
2008-09-25,0.05491093
2008-09-26,0.05553926
2008-09-29,0.05643563
2008-09-30,0.05695740
2008-10-01,0.05752618
2008-10-02,0.05803561
2008-10-03,0.05900933
2008-10-06,0.06062663
2008-10-07,0.06182130
2008-10-08,0.06383208
2008-10-09,0.06531382
2008-10-10,0.06564488
2008-10-13,0.06784945
2008-10-14,0.06932647
2008-10-15,0.06988026
2008-10-16,0.06971161
2008-10-17,0.06921110
2008-10-20,0.07053339
2008-10-21,0.07064518
2008-10-22,0.07113778
2008-10-23,0.07117456
2008-10-24,0.07255095
2008-10-27,0.07378271
2008-10-28,0.07477831
2008-10-29,0.07556864
2008-10-30,0.07622446
2008-10-31,0.07639638
2008-11-03,0.07572154
2008-11-04,0.07704130
2008-11-05,0.07801773
2008-11-06,0.07811476
2008-11-07,0.07813147
2008-11-10,0.07947615
2008-11-11,0.07798966
2008-11-12,0.07911803
2008-11-13,0.08028568
2008-11-14,0.08167774
2008-11-17,0.08199917
2008-11-18,0.08224804
2008-11-19,0.08271933
2008-11-20,0.08310683
2008-11-21,0.08406258
2008-11-24,0.08404944
2008-11-25,0.08523257
2008-11-26,0.08576309
2008-11-28,0.08617308
2008-12-01,0.09021226
2008-12-02,0.09086397
2008-12-03,0.09196989
2008-12-04,0.09146284
2008-12-05,0.09102470
2008-12-08,0.09231339
2008-12-09,0.09122818
2008-12-10,0.09191164
2008-12-11,0.09156208
2008-12-12,0.09199581
2008-12-15,0.09158786
2008-12-16,0.09161880
2008-12-17,0.09266819
2008-12-18,0.09287986
2008-12-19,0.09211110
2008-12-22,0.09249671
2008-12-23,0.09333245
2008-12-24,0.09365386
2008-12-26,0.09304778
2008-12-29,0.09339600
2008-12-30,0.09461977
2008-12-31,0.09434806
2009-01-02,0.09386099
2009-01-05,0.09458473
2009-01-06,0.09486287
2009-01-07,0.09401827
2009-01-08,0.09436546
2009-01-09,0.09281669
2009-01-12,0.09453531
2009-01-13,0.09453738
2009-01-14,0.09556899
2009-01-15,0.09406659
2009-01-16,0.09238301
2009-01-20,0.09362754
2009-01-21,0.09287006
2009-01-22,0.09425991
2009-01-23,0.09365759
2009-01-26,0.09399640
2009-01-27,0.09445924
2009-01-28,0.09636542
2009-01-29,0.09573128
2009-01-30,0.09597134
2009-02-02,0.09539102
2009-02-03,0.09567010
2009-02-04,0.09666874
2009-02-05,0.09612308
2009-02-06,0.09696766
2009-02-09,0.09626085
2009-02-10,0.09678719
2009-02-11,0.09679501
2009-02-12,0.09768861
2009-02-13,0.09750932
2009-02-17,0.09667863
2009-02-18,0.09658936
2009-02-19,0.09798989
2009-02-20,0.09653941
2009-02-23,0.09601257
2009-02-24,0.09738297
2009-02-25,0.09785719
2009-02-26,0.09952868
2009-02-27,0.10007689
2009-03-02,0.10199422
2009-03-03,0.10167191
2009-03-04,0.10237920
2009-03-05,0.10289176
2009-03-06,0.10278751
2009-03-09,0.10296711
2009-03-10,0.10343768
2009-03-11,0.10402905
2009-03-12,0.10541221
2009-03-13,0.10504226
2009-03-16,0.10507816
2009-03-17,0.10495425
2009-03-18,0.10520390
2009-03-19,0.10507642
2009-03-20,0.10462037
2009-03-23,0.10446930
2009-03-24,0.10542846
2009-03-25,0.10535855
2009-03-26,0.10540495
2009-03-27,0.10578568
2009-03-30,0.10609017
2009-03-31,0.10567088
2009-04-01,0.10433097
2009-04-02,0.10404819
2009-04-03,0.10487955
2009-04-06,0.10378701
2009-04-07,0.10577969
2009-04-08,0.10373871
2009-04-09,0.10551113
2009-04-13,0.10525044
2009-04-14,0.10268932
2009-04-15,0.10066840
2009-04-16,0.09960716
2009-04-17,0.09788087
2009-04-20,0.10074709
2009-04-21,0.09932303
2009-04-22,0.10216016
2009-04-23,0.10155876
2009-04-24,0.10324550
2009-04-27,0.10094811
2009-04-28,0.10216694
2009-04-29,0.10153531
2009-04-30,0.10314124
2009-05-01,0.10216614
2009-05-04,0.10035287
2009-05-05,0.09950223
2009-05-06,0.09859883
2009-05-07,0.10031863
2009-05-08,0.10044580
2009-05-11,0.10176952
2009-05-12,0.10235346
2009-05-13,0.10137812
2009-05-14,0.09970137
2009-05-15,0.09918038
2009-05-18,0.09800014
2009-05-19,0.09933667
2009-05-20,0.10068183
2009-05-21,0.10092375
2009-05-22,0.10065059
2009-05-26,0.10094436
2009-05-27,0.09990726
2009-05-28,0.09938501
2009-05-29,0.09927315
2009-06-01,0.09981641
2009-06-02,0.09776405
2009-06-03,0.09918574
2009-06-04,0.09068108
2009-06-05,0.08996420
2009-06-08,0.08919716
2009-06-09,0.08848626
2009-06-10,0.08928331
2009-06-11,0.09005888
2009-06-12,0.09045608
2009-06-15,0.08914827
2009-06-16,0.08836939
2009-06-17,0.08771747
2009-06-18,0.08907100
2009-06-19,0.08950343
2009-06-22,0.08999697
2009-06-23,0.08891078
2009-06-24,0.08708317
2009-06-25,0.08772876
2009-06-26,0.08847629
2009-06-29,0.08958831
2009-06-30,0.08871227
2009-07-01,0.08795410
2009-07-02,0.08767375
2009-07-06,0.08761182
2009-07-07,0.08973552
2009-07-08,0.08909116
2009-07-09,0.08996680
2009-07-10,0.08945695
2009-07-13,0.08880974
2009-07-14,0.09009201
2009-07-15,0.08888534
2009-07-16,0.08846995
2009-07-17,0.08876861
2009-07-20,0.08880638
2009-07-21,0.08921988
2009-07-22,0.08671967
2009-07-23,0.08651321
2009-07-24,0.08663230
2009-07-27,0.08647522
2009-07-28,0.08550827
2009-07-29,0.08675270
2009-07-30,0.08433617
2009-07-31,0.08430865
2009-08-03,0.08481543
2009-08-04,0.08445320
2009-08-05,0.08471550
2009-08-06,0.08460606
2009-08-07,0.08459003
2009-08-10,0.08364049
2009-08-11,0.08397685
2009-08-12,0.08266657
2009-08-13,0.08159322
2009-08-14,0.08197008
2009-08-17,0.08305827
2009-08-18,0.08278234
2009-08-19,0.08331427
2009-08-20,0.08272822
2009-08-21,0.08251042
2009-08-24,0.08082529
2009-08-25,0.08120397
2009-08-26,0.08080655
2009-08-27,0.08020568
2009-08-28,0.07878440
2009-08-31,0.07870444
2009-09-01,0.07883147
2009-09-02,0.07758881
2009-09-03,0.07585003
2009-09-04,0.07555834
2009-09-08,0.07631077
2009-09-09,0.07540219
2009-09-10,0.07397928
2009-09-11,0.07408335
2009-09-14,0.07183725
2009-09-15,0.07161706
2009-09-16,0.07218385
2009-09-17,0.07096214
2009-09-18,0.07052298
2009-09-21,0.07057994
2009-09-22,0.07054982
2009-09-23,0.06752199
2009-09-24,0.06778859
2009-09-25,0.06731275
2009-09-28,0.06641744
2009-09-29,0.06689192
2009-09-30,0.06666497
2009-10-01,0.06749056
2009-10-02,0.06613286
2009-10-05,0.06712558
2009-10-06,0.06672976
2009-10-07,0.06589409
2009-10-08,0.06537085
2009-10-09,0.06407100
2009-10-12,0.06330122
2009-10-13,0.06164973
2009-10-14,0.06205562
2009-10-15,0.06191747
2009-10-16,0.06131766
2009-10-19,0.06051797
2009-10-20,0.05897542
2009-10-21,0.05788109
2009-10-22,0.05911658
2009-10-23,0.05861895
2009-10-26,0.05917029
2009-10-27,0.05985958
2009-10-28,0.05863614
2009-10-29,0.05795606
2009-10-30,0.05823093
2009-11-02,0.05827948
2009-11-03,0.05674353
2009-11-04,0.05662363
2009-11-05,0.05658592
2009-11-06,0.05665403
2009-11-09,0.05619792
2009-11-10,0.05512445
2009-11-11,0.05405806
2009-11-12,0.05379604
2009-11-13,0.05466581
2009-11-16,0.05354120
2009-11-17,0.05336020
2009-11-18,0.05306858
2009-11-19,0.05292515
2009-11-20,0.05289901
2009-11-23,0.05326711
2009-11-24,0.05144374
2009-11-25,0.05205484
2009-11-27,0.05133982
2009-11-30,0.05044843
2009-12-01,0.05054241
2009-12-02,0.05088864
2009-12-03,0.05065448
2009-12-04,0.05142079
2009-12-07,0.05152703
2009-12-08,0.05020119
2009-12-09,0.04990683
2009-12-10,0.04958819
2009-12-11,0.04965213
2009-12-14,0.05048985
2009-12-15,0.04968657
2009-12-16,0.04952886
2009-12-17,0.04876093
2009-12-18,0.04942237
2009-12-21,0.04827705
2009-12-22,0.04796128
2009-12-23,0.04785219
2009-12-24,0.04723295
2009-12-28,0.04733272
2009-12-29,0.04762074
2009-12-30,0.04687939
2009-12-31,0.04690530
2010-01-04,0.04608401
2010-01-05,0.04620284
2010-01-06,0.04589687
2010-01-07,0.04592636
2010-01-08,0.04615859
2010-01-11,0.04610281
2010-01-12,0.04600851
2010-01-13,0.04612461
2010-01-14,0.04550630
2010-01-15,0.04487291
2010-01-19,0.04399443
2010-01-20,0.04386765
2010-01-21,0.04443677
2010-01-22,0.04449565
2010-01-25,0.04441935
2010-01-26,0.04444934
2010-01-27,0.04386513
2010-01-28,0.04402170
2010-01-29,0.04383199
2010-02-01,0.04403123
2010-02-02,0.04357463
2010-02-03,0.04358362
2010-02-04,0.04315338
2010-02-05,0.04301344
2010-02-08,0.04280861
2010-02-09,0.04204199
2010-02-10,0.04166484
2010-02-11,0.04154277
2010-02-12,0.04133610
2010-02-16,0.04161857
2010-02-17,0.04168341
2010-02-18,0.04112820
2010-02-19,0.04143336
2010-02-22,0.04091412
2010-02-23,0.04124609
2010-02-24,0.04092255
2010-02-25,0.04099235
2010-02-26,0.04142333
2010-03-01,0.04094108
2010-03-02,0.04153292
2010-03-03,0.04114454
2010-03-04,0.04172817
2010-03-05,0.04095075
2010-03-08,0.04130167
2010-03-09,0.04078313
2010-03-10,0.04121614
2010-03-11,0.04072933
2010-03-12,0.04065231
2010-03-15,0.04029122
2010-03-16,0.04104856
2010-03-17,0.04104311
2010-03-18,0.04048020
2010-03-19,0.04033706
2010-03-22,0.04018887
2010-03-23,0.03942088
2010-03-24,0.03891878
2010-03-25,0.03918496
2010-03-26,0.03860583
2010-03-29,0.03904765
2010-03-30,0.03835024
2010-03-31,0.03849853
2010-04-01,0.03849034
2010-04-05,0.03921702
2010-04-06,0.03820675
2010-04-07,0.03844380
2010-04-08,0.03873027
2010-04-09,0.03912887
2010-04-12,0.03866146
2010-04-13,0.03824216
2010-04-14,0.03780906
2010-04-15,0.03802503
2010-04-16,0.03814667
2010-04-19,0.03789879
2010-04-20,0.03804974
2010-04-21,0.03786790
2010-04-22,0.03848903
2010-04-23,0.03859466
2010-04-26,0.03794207
2010-04-27,0.03792727
2010-04-28,0.03763262
2010-04-29,0.03727364
2010-04-30,0.03780010
2010-05-03,0.03758591
2010-05-04,0.03774049
2010-05-05,0.03691728
2010-05-06,0.03746613
2010-05-07,0.03719732
2010-05-10,0.03792517
2010-05-11,0.03810173
2010-05-12,0.03768772
2010-05-13,0.03748572
2010-05-14,0.03801932
2010-05-17,0.03730591
2010-05-18,0.03749111
2010-05-19,0.03719020
2010-05-20,0.03840661
2010-05-21,0.03838840
2010-05-24,0.03904555
2010-05-25,0.03883346
2010-05-26,0.03820384
2010-05-27,0.03881011
2010-05-28,0.03903953
2010-06-01,0.03855524
2010-06-02,0.03877637
2010-06-03,0.03868418
2010-06-04,0.03871077
2010-06-07,0.03844113
2010-06-08,0.03897335
2010-06-09,0.03839263
2010-06-10,0.03906940
2010-06-11,0.03890770
2010-06-14,0.03936310
2010-06-15,0.03941889
2010-06-16,0.03904176
2010-06-17,0.03936633
2010-06-18,0.03937193
2010-06-21,0.03911094
2010-06-22,0.03869348
2010-06-23,0.03916479
2010-06-24,0.03943037
2010-06-25,0.03942943
2010-06-28,0.03821664
2010-06-29,0.03860180
2010-06-30,0.03853218
2010-07-01,0.03880515
2010-07-02,0.03841724
2010-07-06,0.03813843
2010-07-07,0.03862794
2010-07-08,0.03921462
2010-07-09,0.03917406
2010-07-12,0.03909828
2010-07-13,0.03910213
2010-07-14,0.03887740
2010-07-15,0.03873573
2010-07-16,0.03925252
2010-07-19,0.03867720
2010-07-20,0.03914454
2010-07-21,0.03881678
2010-07-22,0.03890647
2010-07-23,0.03979392
2010-07-26,0.03967152
2010-07-27,0.03934105
2010-07-28,0.03938595
2010-07-29,0.03986666
2010-07-30,0.03908510
2010-08-02,0.03930476
2010-08-03,0.03969695
2010-08-04,0.04040395
2010-08-05,0.04012362
2010-08-06,0.03845239
2010-08-09,0.03877056
2010-08-10,0.03848752
2010-08-11,0.03865798
2010-08-12,0.03851207
2010-08-13,0.03822084
2010-08-16,0.03860819
2010-08-17,0.03847133
2010-08-18,0.03801405
2010-08-19,0.03776935
2010-08-20,0.03850475
2010-08-23,0.03824301
2010-08-24,0.03842259
2010-08-25,0.03863136
2010-08-26,0.03891435
2010-08-27,0.03851329
2010-08-30,0.03844551
2010-08-31,0.03849583
2010-09-01,0.03818932
2010-09-02,0.03819735
2010-09-03,0.03830976
2010-09-07,0.03816709
2010-09-08,0.03803320
2010-09-09,0.03798350
2010-09-10,0.03832901
2010-09-13,0.03882934
2010-09-14,0.03868841
2010-09-15,0.03821497
2010-09-16,0.03817117
2010-09-17,0.03832234
2010-09-20,0.03836737
2010-09-21,0.03840637
2010-09-22,0.03777440
2010-09-23,0.03766009
2010-09-24,0.03757654
2010-09-27,0.03749923
2010-09-28,0.03722621
2010-09-29,0.03709610
2010-09-30,0.03711826
2010-10-01,0.03745700
2010-10-04,0.03748641
2010-10-05,0.03746355
2010-10-06,0.03752720
2010-10-07,0.03675530
2010-10-08,0.03714387
2010-10-11,0.03715640
2010-10-12,0.03674323
2010-10-13,0.03696827
2010-10-14,0.03691158
2010-10-15,0.03708590
2010-10-18,0.03707799
2010-10-19,0.03671461
2010-10-20,0.03669650
2010-10-21,0.03662738
2010-10-22,0.03668469
2010-10-25,0.03655749
2010-10-26,0.03648326
2010-10-27,0.03615942
2010-10-28,0.03689035
2010-10-29,0.03672187
2010-11-01,0.03649073
2010-11-02,0.03616454
2010-11-03,0.03584467
2010-11-04,0.03574448
2010-11-05,0.03666730
2010-11-08,0.03660315
2010-11-09,0.03603372
2010-11-10,0.03567791
2010-11-11,0.03574295
2010-11-12,0.03597109
2010-11-15,0.03597658
2010-11-16,0.03599171
2010-11-17,0.03552115
2010-11-18,0.03477865
2010-11-19,0.03539782
2010-11-22,0.03490407
2010-11-23,0.03465588
2010-11-24,0.03426512
2010-11-26,0.03403146
2010-11-29,0.03497488
2010-11-30,0.03407113
2010-12-01,0.03392563
2010-12-02,0.03405622
2010-12-03,0.03325026
2010-12-06,0.03318112
2010-12-07,0.03339170
2010-12-08,0.03363066
2010-12-09,0.03353976
2010-12-10,0.03328644
2010-12-13,0.03315638
2010-12-14,0.03309054
2010-12-15,0.03295363
2010-12-16,0.03296377
2010-12-17,0.03318338
2010-12-20,0.03284412
2010-12-21,0.03308208
2010-12-22,0.03293903
2010-12-23,0.03332480
2010-12-27,0.03315476
2010-12-28,0.03341022
2010-12-29,0.03272188
2010-12-30,0.03263355
2010-12-31,0.03231516
2011-01-03,0.03191538
2011-01-04,0.03262288
2011-01-05,0.03203200
2011-01-06,0.03183893
2011-01-07,0.03188305
2011-01-10,0.03205691
2011-01-11,0.03206297
2011-01-12,0.03176376
2011-01-13,0.03190691
2011-01-14,0.03147091
2011-01-18,0.03177034
2011-01-19,0.03171552
2011-01-20,0.03257215
2011-01-21,0.03165391
2011-01-24,0.03168722
2011-01-25,0.03146436
2011-01-26,0.03157845
2011-01-27,0.03123637
2011-01-28,0.03112946
2011-01-31,0.03084954
2011-02-01,0.03077623
2011-02-02,0.03119382
2011-02-03,0.03079235
2011-02-04,0.03070720
2011-02-07,0.03098600
2011-02-08,0.03121862
2011-02-09,0.03138490
2011-02-10,0.03064083
2011-02-11,0.03030877
2011-02-14,0.03018801
2011-02-15,0.03054307
2011-02-16,0.03021948
2011-02-17,0.03018284
2011-02-18,0.03047398
2011-02-22,0.03108351
2011-02-23,0.03084620
2011-02-24,0.03098500
2011-02-25,0.03120119
2011-02-28,0.03086528
2011-03-01,0.03081858
2011-03-02,0.02996053
2011-03-03,0.03035205
2011-03-04,0.03008530
2011-03-07,0.03002440
2011-03-08,0.03004611
2011-03-09,0.02951600
2011-03-10,0.02976787
2011-03-11,0.02927070
2011-03-14,0.02916011
2011-03-15,0.02918384
2011-03-16,0.02931194
2011-03-17,0.02960882
2011-03-18,0.02951810
2011-03-21,0.02976747
2011-03-22,0.02893067
2011-03-23,0.02932408
2011-03-24,0.02901357
2011-03-25,0.02900684
2011-03-28,0.02885820
2011-03-29,0.02892994
2011-03-30,0.02905198
2011-03-31,0.02931944
2011-04-01,0.02929100
2011-04-04,0.02968317
2011-04-05,0.02897425
2011-04-06,0.02911583
2011-04-07,0.02885810
2011-04-08,0.02938826
2011-04-11,0.02917157
2011-04-12,0.02909901
2011-04-13,0.02924761
2011-04-14,0.02907603
2011-04-15,0.02881585
2011-04-18,0.02882197
2011-04-19,0.02867437
2011-04-20,0.02811454
2011-04-21,0.02820293
2011-04-25,0.02825313
2011-04-26,0.02821612
2011-04-27,0.02788754
2011-04-28,0.02787732
2011-04-29,0.02828992
2011-05-02,0.02737400
2011-05-03,0.02743379
2011-05-04,0.02761695
2011-05-05,0.02779463
2011-05-06,0.02752392
2011-05-09,0.02762276
2011-05-10,0.02734399
2011-05-11,0.02728899
2011-05-12,0.02727621
2011-05-13,0.02766341
2011-05-16,0.02749562
2011-05-17,0.02717645
2011-05-18,0.02726664
2011-05-19,0.02714530
2011-05-20,0.02739453
2011-05-23,0.02719252
2011-05-24,0.02722217
2011-05-25,0.02745433
2011-05-26,0.02710105
2011-05-27,0.02687650
2011-05-31,0.02701158
2011-06-01,0.02733353
2011-06-02,0.02738748
2011-06-03,0.02734122
2011-06-06,0.02744564
2011-06-07,0.02759150
2011-06-08,0.02742934
2011-06-09,0.02751537
2011-06-10,0.02789684
2011-06-13,0.02751312
2011-06-14,0.02734893
2011-06-15,0.02712480
2011-06-16,0.02702761
2011-06-17,0.02746208
2011-06-20,0.02722817
2011-06-21,0.02701065
2011-06-22,0.02711397
2011-06-23,0.02691695
2011-06-24,0.02709102
2011-06-27,0.02742004
2011-06-28,0.02703783
2011-06-29,0.02692889
2011-06-30,0.02694160
2011-07-01,0.02743661
2011-07-05,0.02759523
2011-07-06,0.02748347
2011-07-07,0.02779445
2011-07-08,0.02733307
2011-07-11,0.02758284
2011-07-12,0.02728968
2011-07-13,0.02735449
2011-07-14,0.02692345
2011-07-15,0.02726001
2011-07-18,0.02747876
2011-07-19,0.02754681
2011-07-20,0.02768958
2011-07-21,0.02741633
2011-07-22,0.02796256
2011-07-25,0.02821994
2011-07-26,0.02848699
2011-07-27,0.02835045
2011-07-28,0.02814938
2011-07-29,0.02780778
2011-08-01,0.02767093
2011-08-02,0.02776624
2011-08-03,0.02813022
2011-08-04,0.02866494
2011-08-05,0.02891424
2011-08-08,0.03027658
2011-08-09,0.03102282
2011-08-10,0.03275585
2011-08-11,0.03332576
2011-08-12,0.03390085
2011-08-15,0.03393995
2011-08-16,0.03397819
2011-08-17,0.03378477
2011-08-18,0.03474405
2011-08-19,0.03445291
2011-08-22,0.03507655
2011-08-23,0.03539484
2011-08-24,0.03596057
2011-08-25,0.03541189
2011-08-26,0.03600710
2011-08-29,0.03704949
2011-08-30,0.03693040
2011-08-31,0.03752131
2011-09-01,0.03733353
2011-09-02,0.03705715
2011-09-06,0.03792586
2011-09-07,0.03846690
2011-09-08,0.03828105
2011-09-09,0.03860610
2011-09-12,0.03807543
2011-09-13,0.03853929
2011-09-14,0.03894834
2011-09-15,0.03869553
2011-09-16,0.03908159
2011-09-19,0.03854178
2011-09-20,0.03864954
2011-09-21,0.03967495
2011-09-22,0.04018932
2011-09-23,0.04051760
2011-09-26,0.04098295
2011-09-27,0.04059486
2011-09-28,0.04168576
2011-09-29,0.04104480
2011-09-30,0.04073456
2011-10-03,0.04133271
2011-10-04,0.04126013
2011-10-05,0.04193247
2011-10-06,0.04235794
2011-10-07,0.04199156
2011-10-10,0.04253666
2011-10-11,0.04233037
2011-10-12,0.04297002
2011-10-13,0.04255242
2011-10-14,0.04281977
2011-10-17,0.04258856
2011-10-18,0.04394502
2011-10-19,0.04294484
2011-10-20,0.04325570
2011-10-21,0.04453585
2011-10-24,0.04426267
2011-10-25,0.04428882
2011-10-26,0.04420203
2011-10-27,0.04369075
2011-10-28,0.04470997
2011-10-31,0.04506140
2011-11-01,0.04378167
2011-11-02,0.04405640
2011-11-03,0.04433355
2011-11-04,0.04450800
2011-11-07,0.04437338
2011-11-08,0.04456649
2011-11-09,0.04520418
2011-11-10,0.04545373
2011-11-11,0.04521632
2011-11-14,0.04613587
2011-11-15,0.04546674
2011-11-16,0.04522264
2011-11-17,0.04566264
2011-11-18,0.04553820
2011-11-21,0.04602853
2011-11-22,0.04562832
2011-11-23,0.04633643
2011-11-25,0.04620622
2011-11-28,0.04578116
2011-11-29,0.04616080
2011-11-30,0.04632607
2011-12-01,0.04592516
2011-12-02,0.04634624
2011-12-05,0.04703414
2011-12-06,0.04660388
2011-12-07,0.04570443
2011-12-08,0.04551127
2011-12-09,0.04558322
2011-12-12,0.04563384
2011-12-13,0.04536331
2011-12-14,0.04648859
2011-12-15,0.04574139
2011-12-16,0.04607992
2011-12-19,0.04533624
2011-12-20,0.04596852
2011-12-21,0.04683897
2011-12-22,0.04685568
2011-12-23,0.04690689
2011-12-27,0.04748722
2011-12-28,0.04726837
2011-12-29,0.04659189
2011-12-30,0.04650413
2012-01-03,0.04607715
2012-01-04,0.04622616
2012-01-05,0.04637596
2012-01-06,0.04697154
2012-01-09,0.04741982
2012-01-10,0.04687264
2012-01-11,0.04653580
2012-01-12,0.04613640
2012-01-13,0.04663281
2012-01-17,0.04603513
2012-01-18,0.04687816
2012-01-19,0.04620496
2012-01-20,0.04594292
2012-01-23,0.04547894
2012-01-24,0.04524550
2012-01-25,0.04545247
2012-01-26,0.04721154
2012-01-27,0.04589981
2012-01-30,0.04512690
2012-01-31,0.04534925
2012-02-01,0.04541521
2012-02-02,0.04570918
2012-02-03,0.04545968
2012-02-06,0.04470806
2012-02-07,0.04450839
2012-02-08,0.04392601
2012-02-09,0.04259975
2012-02-10,0.04241482
2012-02-13,0.04180920
2012-02-14,0.04075084
2012-02-15,0.04094544
2012-02-16,0.04077636
2012-02-17,0.04157141
2012-02-21,0.04113473
2012-02-22,0.04078775
2012-02-23,0.04000372
2012-02-24,0.04067920
2012-02-27,0.04018692
2012-02-28,0.03978730
2012-02-29,0.03998231
2012-03-01,0.03931273
2012-03-02,0.03861519
2012-03-05,0.03920138
2012-03-06,0.03945212
2012-03-07,0.03897306
2012-03-08,0.03889732
2012-03-09,0.03881717
2012-03-12,0.03941230
2012-03-13,0.03923086
2012-03-14,0.03902400
2012-03-15,0.03891709
2012-03-16,0.03933635
2012-03-19,0.03939263
2012-03-20,0.03828400
2012-03-21,0.03822624
2012-03-22,0.03863595
2012-03-23,0.03743965
2012-03-26,0.03804153
2012-03-27,0.03811831
2012-03-28,0.03785390
2012-03-29,0.03756389
2012-03-30,0.03724661
2012-04-02,0.03776077
2012-04-03,0.03748038
2012-04-04,0.03640424
2012-04-05,0.03610978
2012-04-09,0.03544336
2012-04-10,0.03503798
2012-04-11,0.03505110
2012-04-12,0.03490841
2012-04-13,0.03563502
2012-04-16,0.03504863
2012-04-17,0.03469499
2012-04-18,0.03474175
2012-04-19,0.03443291
2012-04-20,0.03343187
2012-04-23,0.03306548
2012-04-24,0.03329157
2012-04-25,0.03300600
2012-04-26,0.03280345
2012-04-27,0.03131642
2012-04-30,0.03172814
2012-05-01,0.03166149
2012-05-02,0.03109616
2012-05-03,0.03103270
2012-05-04,0.03064692
2012-05-07,0.03082013
2012-05-08,0.03105309
2012-05-09,0.03108458
2012-05-10,0.03136083
2012-05-11,0.03079477
2012-05-14,0.03031656
2012-05-15,0.03016665
2012-05-16,0.03002983
2012-05-17,0.02987073
2012-05-18,0.02972687
2012-05-21,0.02979317
2012-05-22,0.03035295
2012-05-23,0.02983699
2012-05-24,0.02906319
2012-05-25,0.02893600
2012-05-29,0.02854910
2012-05-30,0.02856844
2012-05-31,0.02896634
2012-06-01,0.02931092
2012-06-04,0.02908065
2012-06-05,0.02854958
2012-06-06,0.02898128
2012-06-07,0.02851865
2012-06-08,0.02888594
2012-06-11,0.02867252
2012-06-12,0.02794448
2012-06-13,0.02824847
2012-06-14,0.02823762
2012-06-15,0.02875381
2012-06-18,0.02830605
2012-06-19,0.02833362
2012-06-20,0.02815449
2012-06-21,0.02828322
2012-06-22,0.02801682
2012-06-25,0.02805294
2012-06-26,0.02792516
2012-06-27,0.02771470
2012-06-28,0.02781254
2012-06-29,0.02804876
2012-07-02,0.02791915
2012-07-03,0.02797408
2012-07-05,0.02781346
2012-07-06,0.02736358
2012-07-09,0.02762850
2012-07-10,0.02753632
2012-07-11,0.02770271
2012-07-12,0.02750884
2012-07-13,0.02770266
2012-07-16,0.02768713
2012-07-17,0.02800847
2012-07-18,0.02784269
2012-07-19,0.02828101
2012-07-20,0.02790824
2012-07-23,0.02826538
2012-07-24,0.02845697
2012-07-25,0.02826670
2012-07-26,0.02844811
2012-07-27,0.02828792
2012-07-30,0.02850458
2012-07-31,0.02868364
2012-08-01,0.02856887
2012-08-02,0.02867171
2012-08-03,0.02830592
2012-08-06,0.02846951
2012-08-07,0.02846170
2012-08-08,0.02852896
2012-08-09,0.02852586
2012-08-10,0.02842643
2012-08-13,0.02833630
2012-08-14,0.02839369
2012-08-15,0.02832932
2012-08-16,0.02828797
2012-08-17,0.02794880
2012-08-20,0.02784546
2012-08-21,0.02806740
2012-08-22,0.02801143
2012-08-23,0.02744186
2012-08-24,0.02764544
2012-08-27,0.02819529
2012-08-28,0.02809285
2012-08-29,0.02769905
2012-08-30,0.02792648
2012-08-31,0.02770774
2012-09-04,0.02798244
2012-09-05,0.02793493
2012-09-06,0.02774654
2012-09-07,0.02780500
2012-09-10,0.02742097
2012-09-11,0.02772929
2012-09-12,0.02767789
2012-09-13,0.02752125
2012-09-14,0.02733546
2012-09-17,0.02707012
2012-09-18,0.02725043
2012-09-19,0.02710711
2012-09-20,0.02738366
2012-09-21,0.02747011
2012-09-24,0.02762294
2012-09-25,0.02737370
2012-09-26,0.02715232
2012-09-27,0.02723317
2012-09-28,0.02725962
2012-10-01,0.02747141
2012-10-02,0.02698118
2012-10-03,0.02745369
2012-10-04,0.02752564
2012-10-05,0.02737553
2012-10-08,0.02735460
2012-10-09,0.02676225
2012-10-10,0.02686794
2012-10-11,0.02691874
2012-10-12,0.02668453
2012-10-15,0.02680236
2012-10-16,0.02674124
2012-10-17,0.02704326
2012-10-18,0.02684705
2012-10-19,0.02689362
2012-10-22,0.02690582
2012-10-23,0.02657752
2012-10-24,0.02643982
2012-10-25,0.02655907
2012-10-26,0.02675705
2012-10-31,0.02691908
2012-11-01,0.02726777
2012-11-02,0.02661217
2012-11-05,0.02697376
2012-11-06,0.02736552
2012-11-07,0.02797317
2012-11-08,0.02777169
2012-11-09,0.02812864
2012-11-12,0.02827220
2012-11-13,0.02749851
2012-11-14,0.02749528
2012-11-15,0.02718432
2012-11-16,0.02776553
2012-11-19,0.02733753
2012-11-20,0.02747985
2012-11-21,0.02764643
2012-11-23,0.02729172
2012-11-26,0.02786615
2012-11-27,0.02741947
2012-11-28,0.02742894
2012-11-29,0.02729463
2012-11-30,0.02724550
2012-12-03,0.02777247
2012-12-04,0.02676690
2012-12-05,0.02681952
2012-12-06,0.02653711
2012-12-07,0.02613052
2012-12-10,0.02640809
2012-12-11,0.02665834
2012-12-12,0.02648232
2012-12-13,0.02672884
2012-12-14,0.02612357
2012-12-17,0.02631924
2012-12-18,0.02612112
2012-12-19,0.02594756
2012-12-20,0.02625754
2012-12-21,0.02606973
2012-12-24,0.02574132
2012-12-26,0.02559902
2012-12-27,0.02535341
2012-12-28,0.02534780
2012-12-31,0.02505407
2013-01-02,0.02557000
2013-01-03,0.02554083
2013-01-04,0.02538073
2013-01-07,0.02562472
2013-01-08,0.02523355
2013-01-09,0.02559970
2013-01-10,0.02579095
2013-01-11,0.02533700
2013-01-14,0.02560287
2013-01-15,0.02520346
2013-01-16,0.02537935
2013-01-17,0.02553614
2013-01-18,0.02570387
2013-01-22,0.02574166
2013-01-23,0.02539676
2013-01-24,0.02565663
2013-01-25,0.02529472
2013-01-28,0.02543803
2013-01-29,0.02567594
2013-01-30,0.02506397
2013-01-31,0.02504082
2013-02-01,0.02485334
2013-02-04,0.02489007
2013-02-05,0.02475408
2013-02-06,0.02456688
2013-02-07,0.02416875
2013-02-08,0.02428296
2013-02-11,0.02456174
2013-02-12,0.02485463
2013-02-13,0.02432940
2013-02-14,0.02465780
2013-02-15,0.02489865
2013-02-19,0.02466778
2013-02-20,0.02489709
2013-02-21,0.02479905
2013-02-22,0.02471087
2013-02-25,0.02454906
2013-02-26,0.02457483
2013-02-27,0.02497286
2013-02-28,0.02473626
2013-03-01,0.02495281
2013-03-04,0.02534749
2013-03-05,0.02537633
2013-03-06,0.02526571
2013-03-07,0.02492373
2013-03-08,0.02538054
2013-03-11,0.02541813
2013-03-12,0.02502511
2013-03-13,0.02474192
2013-03-14,0.02474983
2013-03-15,0.02450411
2013-03-18,0.02484424
2013-03-19,0.02488345
2013-03-20,0.02479470
2013-03-21,0.02505282
2013-03-22,0.02476785
2013-03-25,0.02451898
2013-03-26,0.02453286
2013-03-27,0.02450449
2013-03-28,0.02434124
2013-04-01,0.02464506
2013-04-02,0.02502929
2013-04-03,0.02473057
2013-04-04,0.02475593
2013-04-05,0.02488932
2013-04-08,0.02507532
2013-04-09,0.02510694
2013-04-10,0.02447755
2013-04-11,0.02474373
2013-04-12,0.02484208
2013-04-15,0.02575607
2013-04-16,0.02599210
2013-04-17,0.02587400
2013-04-18,0.02589841
2013-04-19,0.02569830
2013-04-22,0.02560805
2013-04-23,0.02569824
2013-04-24,0.02549710
2013-04-25,0.02553234
2013-04-26,0.02495428
2013-04-29,0.02524745
2013-04-30,0.02509826
2013-05-01,0.02535656
2013-05-02,0.02484199
2013-05-03,0.02526069
2013-05-06,0.02543776
2013-05-07,0.02522899
2013-05-08,0.02528330
2013-05-09,0.02491317
2013-05-10,0.02500220
2013-05-13,0.02386791
2013-05-14,0.02368347
2013-05-15,0.02417996
2013-05-16,0.02402039
2013-05-17,0.02414344
2013-05-20,0.02352518
2013-05-21,0.02321365
2013-05-22,0.02351459
2013-05-23,0.02338325
2013-05-24,0.02331714
2013-05-28,0.02324822
2013-05-29,0.02331679
2013-05-30,0.02361333
2013-05-31,0.02366416
2013-06-03,0.02384856
2013-06-04,0.02353897
2013-06-05,0.02352459
2013-06-06,0.02366263
2013-06-07,0.02370849
2013-06-10,0.02359820
2013-06-11,0.02389901
2013-06-12,0.02361853
2013-06-13,0.02409592
2013-06-14,0.02396381
2013-06-17,0.02406452
2013-06-18,0.02434312
2013-06-19,0.02409379
2013-06-20,0.02382665
2013-06-21,0.02376982
2013-06-24,0.02411719
2013-06-25,0.02396318
2013-06-26,0.02425282
2013-06-27,0.02428394
2013-06-28,0.02401850
2013-07-01,0.02408186
2013-07-02,0.02410878
2013-07-03,0.02431875
2013-07-05,0.02445417
2013-07-08,0.02422519
2013-07-09,0.02434887
2013-07-10,0.02411106
2013-07-11,0.02432190
2013-07-12,0.02412283
2013-07-15,0.02436642
2013-07-16,0.02425675
2013-07-17,0.02451141
2013-07-18,0.02489919
2013-07-19,0.02453942
2013-07-22,0.02443101
2013-07-23,0.02467593
2013-07-24,0.02416451
2013-07-25,0.02427768
2013-07-26,0.02423896
2013-07-29,0.02424752
2013-07-30,0.02452546
2013-07-31,0.02457497
2013-08-01,0.02478357
2013-08-02,0.02478245
2013-08-05,0.02481665
2013-08-06,0.02452162
2013-08-07,0.02451009
2013-08-08,0.02439155
2013-08-09,0.02465434
2013-08-12,0.02434314
2013-08-13,0.02478008
2013-08-14,0.02445766
2013-08-15,0.02434916
2013-08-16,0.02461691
2013-08-19,0.02453047
2013-08-20,0.02482691
2013-08-21,0.02476682
2013-08-22,0.02468572
2013-08-23,0.02473446
2013-08-26,0.02459100
2013-08-27,0.02471808
2013-08-28,0.02450624
2013-08-29,0.02472184
2013-08-30,0.02457787
2013-09-03,0.02437609
2013-09-04,0.02444426
2013-09-05,0.02409077
2013-09-06,0.02428032
2013-09-09,0.02423938
2013-09-10,0.02428794
2013-09-11,0.02412241
2013-09-12,0.02400999
2013-09-13,0.02413420
2013-09-16,0.02451341
2013-09-17,0.02408451
2013-09-18,0.02439149
2013-09-19,0.02467369
2013-09-20,0.02446578
2013-09-23,0.02456452
2013-09-24,0.02460423
2013-09-25,0.02473219
2013-09-26,0.02470184
2013-09-27,0.02465269
2013-09-30,0.02492435
2013-10-01,0.02464335
2013-10-02,0.02435411
2013-10-03,0.02435755
2013-10-04,0.02436836
2013-10-07,0.02487543
2013-10-08,0.02454218
2013-10-09,0.02422748
2013-10-10,0.02481614
2013-10-11,0.02466109
2013-10-14,0.02435318
2013-10-15,0.02451743
2013-10-16,0.02419582
2013-10-17,0.02407259
2013-10-18,0.02418342
2013-10-21,0.02368294
2013-10-22,0.02391957
2013-10-23,0.02415343
2013-10-24,0.02434597
2013-10-25,0.02427693
2013-10-28,0.02457487
2013-10-29,0.02412188
2013-10-30,0.02375778
2013-10-31,0.02419981
2013-11-01,0.02426744
2013-11-04,0.02368154
2013-11-05,0.02390642
2013-11-06,0.02398289
2013-11-07,0.02401155
2013-11-08,0.02417418
2013-11-11,0.02422201
2013-11-12,0.02400380
2013-11-13,0.02426953
2013-11-14,0.02403463
2013-11-15,0.02379149
2013-11-18,0.02375273
2013-11-19,0.02350057
2013-11-20,0.02372719
2013-11-21,0.02406700
2013-11-22,0.02383748
2013-11-25,0.02381287
2013-11-26,0.02357332
2013-11-27,0.02326223
2013-11-29,0.02295577
2013-12-02,0.02352099
2013-12-03,0.02355334
2013-12-04,0.02345250
2013-12-05,0.02336399
2013-12-06,0.02327291
2013-12-09,0.02285531
2013-12-10,0.02308093
2013-12-11,0.02337543
2013-12-12,0.02331110
2013-12-13,0.02348349
2013-12-16,0.02322422
2013-12-17,0.02334938
2013-12-18,0.02330870
2013-12-19,0.02327246
2013-12-20,0.02310337
2013-12-23,0.02281012
2013-12-24,0.02266972
2013-12-26,0.02242094
2013-12-27,0.02243175
2013-12-30,0.02271630
2013-12-31,0.02266866
2014-01-02,0.02283801
2014-01-03,0.02273230
2014-01-06,0.02260643
2014-01-07,0.02275962
2014-01-08,0.02286382
2014-01-09,0.02266591
2014-01-10,0.02298586
2014-01-13,0.02259565
2014-01-14,0.02267834
2014-01-15,0.02293114
2014-01-16,0.02307820
2014-01-17,0.02311472
2014-01-21,0.02295356
2014-01-22,0.02321902
2014-01-23,0.02333215
2014-01-24,0.02351378
2014-01-27,0.02381012
2014-01-28,0.02347387
2014-01-29,0.02326705
2014-01-30,0.02350561
2014-01-31,0.02361507
2014-02-03,0.02468228
2014-02-04,0.02468830
2014-02-05,0.02472537
2014-02-06,0.02460165
2014-02-07,0.02444684
2014-02-10,0.02454023
2014-02-11,0.02452050
2014-02-12,0.02467276
2014-02-13,0.02507859
2014-02-14,0.02518060
2014-02-18,0.02456772
2014-02-19,0.02493436
2014-02-20,0.02525388
2014-02-21,0.02519606
2014-02-24,0.02562454
2014-02-25,0.02527049
2014-02-26,0.02505064
2014-02-27,0.02527863
2014-02-28,0.02529240
2014-03-03,0.02537556
2014-03-04,0.02528032
2014-03-05,0.02557312
2014-03-06,0.02583312
2014-03-07,0.02541288
2014-03-10,0.02553999
2014-03-11,0.02499988
2014-03-12,0.02536740
2014-03-13,0.02526212
2014-03-14,0.02502447
2014-03-17,0.02470132
2014-03-18,0.02516040
2014-03-19,0.02528174
2014-03-20,0.02509245
2014-03-21,0.02527587
2014-03-24,0.02521874
2014-03-25,0.02482072
2014-03-26,0.02492583
2014-03-27,0.02497989
2014-03-28,0.02471103
2014-03-31,0.02529958
2014-04-01,0.02542604
2014-04-02,0.02516329
2014-04-03,0.02492364
2014-04-04,0.02527952
2014-04-07,0.02539112
2014-04-08,0.02557188
2014-04-09,0.02587935
2014-04-10,0.02542445
2014-04-11,0.02554008
2014-04-14,0.02568412
2014-04-15,0.02539000
2014-04-16,0.02547576
2014-04-17,0.02550659
2014-04-21,0.02524742
2014-04-22,0.02519425
2014-04-23,0.02539498
2014-04-24,0.02558796
2014-04-25,0.02559563
2014-04-28,0.02564634
2014-04-29,0.02544017
2014-04-30,0.02499560
2014-05-01,0.02500327
2014-05-02,0.02506237
2014-05-05,0.02501721
2014-05-06,0.02494558
2014-05-07,0.02493637
2014-05-08,0.02514760
2014-05-09,0.02488440
2014-05-12,0.02498658
2014-05-13,0.02473555
2014-05-14,0.02440669
2014-05-15,0.02494101
2014-05-16,0.02491137
2014-05-19,0.02464562
2014-05-20,0.02468055
2014-05-21,0.02444931
2014-05-22,0.02441582
2014-05-23,0.02436246
2014-05-27,0.02491628
2014-05-28,0.02486416
2014-05-29,0.02455341
2014-05-30,0.02428576
2014-06-02,0.02465687
2014-06-03,0.02471426
2014-06-04,0.02461723
2014-06-05,0.02482633
2014-06-06,0.02490189
2014-06-09,0.02507024
2014-06-10,0.02442362
2014-06-11,0.02482415
2014-06-12,0.02463399
2014-06-13,0.02474371
2014-06-16,0.02467108
2014-06-17,0.02429536
2014-06-18,0.02447290
2014-06-19,0.02419638
2014-06-20,0.02434099
2014-06-23,0.02419721
2014-06-24,0.02408269
2014-06-25,0.02408790
2014-06-26,0.02370338
2014-06-27,0.02374644
2014-06-30,0.02430326
2014-07-01,0.02386214
2014-07-02,0.02415969
2014-07-03,0.02427749
2014-07-07,0.02427508
2014-07-08,0.02379321
2014-07-09,0.02394848
2014-07-10,0.02374544
2014-07-11,0.02455471
2014-07-14,0.02395242
2014-07-15,0.02367182
2014-07-16,0.02405758
2014-07-17,0.02419220
2014-07-18,0.02400253
2014-07-21,0.02350356
2014-07-22,0.02383215
2014-07-23,0.02326841
2014-07-24,0.02363713
2014-07-25,0.02317296
2014-07-28,0.02277627
2014-07-29,0.02267412
2014-07-30,0.02303624
2014-07-31,0.02310752
2014-08-01,0.02319092
2014-08-04,0.02315790
2014-08-05,0.02228163
2014-08-06,0.02225777
2014-08-07,0.02246791
2014-08-08,0.02248949
2014-08-11,0.02219002
2014-08-12,0.02228075
2014-08-13,0.02216927
2014-08-14,0.02198859
2014-08-15,0.02182925
2014-08-18,0.02205690
2014-08-19,0.02239365
2014-08-20,0.02196333
2014-08-21,0.02195229
2014-08-22,0.02164072
2014-08-25,0.02158022
2014-08-26,0.02185879
2014-08-27,0.02138533
2014-08-28,0.02124394
2014-08-29,0.02139245
2014-09-02,0.02154259
2014-09-03,0.02137394
2014-09-04,0.02126158
2014-09-05,0.02157473
2014-09-08,0.02126122
2014-09-09,0.02131966
2014-09-10,0.02144998
2014-09-11,0.02192335
2014-09-12,0.02141012
2014-09-15,0.02133410
2014-09-16,0.02183443
2014-09-17,0.02124742
2014-09-18,0.02124655
2014-09-19,0.02100074
2014-09-22,0.02088355
2014-09-23,0.02091357
2014-09-24,0.02090047
2014-09-25,0.02064817
2014-09-26,0.02093742
2014-09-29,0.02076962
2014-09-30,0.02072952
2014-10-01,0.02091263
2014-10-02,0.02051480
2014-10-03,0.02063420
2014-10-06,0.02051816
2014-10-07,0.02046053
2014-10-08,0.02062801
2014-10-09,0.02077354
2014-10-10,0.02084362
2014-10-13,0.02069454
2014-10-14,0.02072948
2014-10-15,0.02036695
2014-10-16,0.02090112
2014-10-17,0.02077980
2014-10-20,0.02119041
2014-10-21,0.02085899
2014-10-22,0.02107881
2014-10-23,0.02077626
2014-10-24,0.02076242
2014-10-27,0.02082151
2014-10-28,0.02055289
2014-10-29,0.02069291
2014-10-30,0.02056348
2014-10-31,0.02063645
2014-11-03,0.02071385
2014-11-04,0.02067186
2014-11-05,0.02068032
2014-11-06,0.02073186
2014-11-07,0.02075222
2014-11-10,0.02051823
2014-11-11,0.02094394
2014-11-12,0.02090598
2014-11-13,0.02091602
2014-11-14,0.02081709
2014-11-17,0.02061380
2014-11-18,0.02069287
2014-11-19,0.02038742
2014-11-20,0.02023780
2014-11-21,0.02043731
2014-11-24,0.02058429
2014-11-25,0.02035786
2014-11-26,0.02068123
2014-11-28,0.02072756
2014-12-01,0.02074277
2014-12-02,0.02058774
2014-12-03,0.02067201
2014-12-04,0.02070288
2014-12-05,0.02070822
2014-12-08,0.02067479
2014-12-09,0.02069765
2014-12-10,0.02138007
2014-12-11,0.02126217
2014-12-12,0.02125137
2014-12-15,0.02123800
2014-12-16,0.02136011
2014-12-17,0.02142405
2014-12-18,0.02131302
2014-12-19,0.02188307
2014-12-22,0.02182928
2014-12-23,0.02170811
2014-12-24,0.02195158
2014-12-26,0.02222227
2014-12-29,0.02195296
2014-12-30,0.02181345
2014-12-31,0.02159854
2015-01-02,0.02148558
2015-01-05,0.02191127
2015-01-06,0.02219975
2015-01-07,0.02193683
2015-01-08,0.02251203
2015-01-09,0.02283374
2015-01-12,0.02265402
2015-01-13,0.02241378
2015-01-14,0.02276588
2015-01-15,0.02302305
2015-01-16,0.02329026
2015-01-20,0.02326560
2015-01-21,0.02317660
2015-01-22,0.02338858
2015-01-23,0.02392582
2015-01-26,0.02357435
2015-01-27,0.02391524
2015-01-28,0.02385330
2015-01-29,0.02355615
2015-01-30,0.02384802
2015-02-02,0.02399547
2015-02-03,0.02399013
2015-02-04,0.02379877
2015-02-05,0.02408454
2015-02-06,0.02385733
2015-02-09,0.02376140
2015-02-10,0.02412983
2015-02-11,0.02372867
2015-02-12,0.02416906
2015-02-13,0.02441440
2015-02-17,0.02466116
2015-02-18,0.02401285
2015-02-19,0.02428519
2015-02-20,0.02418403
2015-02-23,0.02424612
2015-02-24,0.02412354
2015-02-25,0.02431752
2015-02-26,0.02421918
2015-02-27,0.02444373
2015-03-02,0.02440357
2015-03-03,0.02454555
2015-03-04,0.02478104
2015-03-05,0.02451856
2015-03-06,0.02451445
2015-03-09,0.02469629
2015-03-10,0.02452478
2015-03-11,0.02471503
2015-03-12,0.02464049
2015-03-13,0.02499229
2015-03-16,0.02516934
2015-03-17,0.02477596
2015-03-18,0.02500390
2015-03-19,0.02499288
2015-03-20,0.02498830
2015-03-23,0.02536362
2015-03-24,0.02533831
2015-03-25,0.02525645
2015-03-26,0.02503589
2015-03-27,0.02521802
2015-03-30,0.02582450
2015-03-31,0.02547396
2015-04-01,0.02532032
2015-04-02,0.02506816
2015-04-06,0.02489777
2015-04-07,0.02521822
2015-04-08,0.02524544
2015-04-09,0.02526769
2015-04-10,0.02487260
2015-04-13,0.02529656
2015-04-14,0.02471035
2015-04-15,0.02499702
2015-04-16,0.02444179
2015-04-17,0.02463165
2015-04-20,0.02502535
2015-04-21,0.02446797
2015-04-22,0.02479459
2015-04-23,0.02472390
2015-04-24,0.02468746
2015-04-27,0.02448900
2015-04-28,0.02451770
2015-04-29,0.02419649
2015-04-30,0.02450752
2015-05-01,0.02397630
2015-05-04,0.02420215
2015-05-05,0.02419395
2015-05-06,0.02421442
2015-05-07,0.02415079
2015-05-08,0.02430495
2015-05-11,0.02388928
2015-05-12,0.02457507
2015-05-13,0.02385885
2015-05-14,0.02406016
2015-05-15,0.02478759
2015-05-18,0.02497058
2015-05-19,0.02459636
2015-05-20,0.02430374
2015-05-21,0.02410105
2015-05-22,0.02425753
2015-05-26,0.02486599
2015-05-27,0.02426049
2015-05-28,0.02449735
2015-05-29,0.02412131
2015-06-01,0.02392070
2015-06-02,0.02356344
2015-06-03,0.02392849
2015-06-04,0.02402754
2015-06-05,0.02374335
2015-06-08,0.02395235
2015-06-09,0.02404587
2015-06-10,0.02421827
2015-06-11,0.02430330
2015-06-12,0.02396688
2015-06-15,0.02370532
2015-06-16,0.02376208
2015-06-17,0.02387531
2015-06-18,0.02392985
2015-06-19,0.02416734
2015-06-22,0.02417472
2015-06-23,0.02347055
2015-06-24,0.02351829
2015-06-25,0.02372625
2015-06-26,0.02423056
2015-06-29,0.02428645
2015-06-30,0.02415460
2015-07-01,0.02471539
2015-07-02,0.02460594
2015-07-06,0.02521591
2015-07-07,0.02482861
2015-07-08,0.02469815
2015-07-09,0.02443963
2015-07-10,0.02503355
2015-07-13,0.02412822
2015-07-14,0.02383177
2015-07-15,0.02381927
2015-07-16,0.02422366
2015-07-17,0.02346521
2015-07-20,0.02434959
2015-07-21,0.02376430
2015-07-22,0.02358035
2015-07-23,0.02360864
2015-07-24,0.02424586
2015-07-27,0.02420870
2015-07-28,0.02395627
2015-07-29,0.02442601
2015-07-30,0.02383621
2015-07-31,0.02373561
2015-08-03,0.02446748
2015-08-04,0.02451097
2015-08-05,0.02420863
2015-08-06,0.02406902
2015-08-07,0.02426272
2015-08-10,0.02364625
2015-08-11,0.02441842
2015-08-12,0.02378407
2015-08-13,0.02387408
2015-08-14,0.02367453
2015-08-17,0.02398660
2015-08-18,0.02372890
2015-08-19,0.02420136
2015-08-20,0.02371313
2015-08-21,0.02398708
2015-08-24,0.02548376
2015-08-25,0.02564417
2015-08-26,0.02619132
2015-08-27,0.02562889
2015-08-28,0.02590517
2015-08-31,0.02542359
2015-09-01,0.02612068
2015-09-02,0.02700198
2015-09-03,0.02693964
2015-09-04,0.02713262
2015-09-08,0.02668449
2015-09-09,0.02698530
2015-09-10,0.02698820
2015-09-11,0.02692745
2015-09-14,0.02661132
2015-09-15,0.02657425
2015-09-16,0.02707983
2015-09-17,0.02615859
2015-09-18,0.02697001
2015-09-21,0.02695728
2015-09-22,0.02674463
2015-09-23,0.02675445
2015-09-24,0.02694975
2015-09-25,0.02686269
2015-09-28,0.02642028
2015-09-29,0.02661371
2015-09-30,0.02687460
2015-10-01,0.02706554
2015-10-02,0.02738957
2015-10-05,0.02675951
2015-10-06,0.02779393
2015-10-07,0.02735402
2015-10-08,0.02688425
2015-10-09,0.02702876
2015-10-12,0.02685733
2015-10-13,0.02723482
2015-10-14,0.02699863
2015-10-15,0.02747575
2015-10-16,0.02753280
2015-10-19,0.02755478
2015-10-20,0.02780852
2015-10-21,0.02763060
2015-10-22,0.02747481
2015-10-23,0.02798066
2015-10-26,0.02770817
2015-10-27,0.02756562
2015-10-28,0.02807807
2015-10-29,0.02691903
2015-10-30,0.02751420
2015-11-02,0.02730671
2015-11-03,0.02749032
2015-11-04,0.02792777
2015-11-05,0.02760995
2015-11-06,0.02792182
2015-11-09,0.02765834
2015-11-10,0.02755017
2015-11-11,0.02834406
2015-11-12,0.02795317
2015-11-13,0.02785147
2015-11-16,0.02783802
2015-11-17,0.02717614
2015-11-18,0.02781248
2015-11-19,0.02831188
2015-11-20,0.02799393
2015-11-23,0.02851929
2015-11-24,0.02837544
2015-11-25,0.02849572
2015-11-27,0.02860573
2015-11-30,0.02906875
2015-12-01,0.02897094
2015-12-02,0.02826963
2015-12-03,0.02904876
2015-12-04,0.02886383
2015-12-07,0.02902672
2015-12-08,0.02900003
2015-12-09,0.02863098
2015-12-10,0.02917547
2015-12-11,0.02904457
2015-12-14,0.02932600
2015-12-15,0.02925114
2015-12-16,0.02931031
2015-12-17,0.02945802
2015-12-18,0.02978170
2015-12-21,0.02943684
2015-12-22,0.02964099
2015-12-23,0.03007783
2015-12-24,0.03003816
2015-12-28,0.02963498
2015-12-29,0.02954268
2015-12-30,0.02912970
2015-12-31,0.02900843
2016-01-04,0.02986103
2016-01-05,0.03028263
2016-01-06,0.02995616
2016-01-07,0.03077619
2016-01-08,0.03073810
2016-01-11,0.03079747
2016-01-12,0.03070861
2016-01-13,0.03159184
2016-01-14,0.03128438
2016-01-15,0.03180548
2016-01-19,0.03117063
2016-01-20,0.03242991
2016-01-21,0.03195607
2016-01-22,0.03172655
2016-01-25,0.03171368
2016-01-26,0.03153984
2016-01-27,0.03147058
2016-01-28,0.03132094
2016-01-29,0.03164153
2016-02-01,0.03148375
2016-02-02,0.03144394
2016-02-03,0.03207420
2016-02-04,0.03032200
2016-02-05,0.03057531
2016-02-08,0.03044911
2016-02-09,0.03034188
2016-02-10,0.02986328
2016-02-11,0.03057668
2016-02-12,0.03026442
2016-02-16,0.03051145
2016-02-17,0.03009403
2016-02-18,0.03062325
2016-02-19,0.03042099
2016-02-22,0.03081209
2016-02-23,0.03085370
2016-02-24,0.03112686
2016-02-25,0.03048177
2016-02-26,0.03018087
2016-02-29,0.03057796
2016-03-01,0.03052308
2016-03-02,0.03070462
2016-03-03,0.03055020
2016-03-04,0.03026272
2016-03-07,0.03014641
2016-03-08,0.03093197
2016-03-09,0.03078548
2016-03-10,0.03011472
2016-03-11,0.03047829
2016-03-14,0.03042686
2016-03-15,0.03041513
2016-03-16,0.03035289
2016-03-17,0.03044388
2016-03-18,0.03081016
2016-03-21,0.03046738
2016-03-22,0.03060368
2016-03-23,0.03063312
2016-03-24,0.03019994
2016-03-28,0.03063137
2016-03-29,0.03041959
2016-03-30,0.03047670
2016-03-31,0.03116774
2016-04-01,0.03138546
2016-04-04,0.03118349
2016-04-05,0.03074389
2016-04-06,0.03013105
2016-04-07,0.03043268
2016-04-08,0.03025561
2016-04-11,0.03084732
2016-04-12,0.03098341
2016-04-13,0.03065018
2016-04-14,0.03100092
2016-04-15,0.03057731
2016-04-18,0.03107134
2016-04-19,0.03103031
2016-04-20,0.03073421
2016-04-21,0.03088542
2016-04-22,0.03144810
2016-04-25,0.03114813
2016-04-26,0.03082751
2016-04-27,0.03101848
2016-04-28,0.03077516
2016-04-29,0.03074202
2016-05-02,0.03109043
2016-05-03,0.03141956
2016-05-04,0.03124813
2016-05-05,0.03125756
2016-05-06,0.03110634
2016-05-09,0.03108133
2016-05-10,0.03143919
2016-05-11,0.03069026
2016-05-12,0.03089598
2016-05-13,0.03104626
2016-05-16,0.03014870
2016-05-17,0.03107244
2016-05-18,0.03091046
2016-05-19,0.03070907
2016-05-20,0.03090111
2016-05-23,0.03092095
2016-05-24,0.03116078
2016-05-25,0.03088428
2016-05-26,0.03096743
2016-05-27,0.03067009
2016-05-31,0.03081526
2016-06-01,0.03046796
2016-06-02,0.03074875
2016-06-03,0.03061311
2016-06-06,0.03034011
2016-06-07,0.03063516
2016-06-08,0.03040692
2016-06-09,0.03027464
2016-06-10,0.03034795
2016-06-13,0.03034439
2016-06-14,0.03017995
2016-06-15,0.03007128
2016-06-16,0.03043706
2016-06-17,0.03014043
2016-06-20,0.03010995
2016-06-21,0.03063490
2016-06-22,0.03052435
2016-06-23,0.03005864
2016-06-24,0.03075144
2016-06-27,0.03134999
2016-06-28,0.03176607
2016-06-29,0.03206337
2016-06-30,0.03153937
2016-07-01,0.03203533
2016-07-05,0.03354710
2016-07-06,0.03274189
2016-07-07,0.03301480
2016-07-08,0.03249607
2016-07-11,0.03227993
2016-07-12,0.03274873
2016-07-13,0.03242834
2016-07-14,0.03201930
