date,index
8/6/2004,49.75643612
8/9/2004,49.16447449
8/10/2004,50.07790594
8/11/2004,49.84545762
8/12/2004,49.82021838
8/13/2004,50.32473792
8/16/2004,50.05993246
8/17/2004,49.76330056
8/18/2004,50.19831737
8/19/2004,50.1210923
8/20/2004,50.07310332
8/23/2004,50.28545961
8/24/2004,50.24796171
8/25/2004,50.48142016
8/26/2004,50.91177722
8/27/2004,51.10345725
8/30/2004,51.60606805
8/31/2004,51.07261783
9/1/2004,51.51590347
9/2/2004,51.46372008
9/3/2004,51.68657656
9/6/2004,53.63449052
9/7/2004,52.70138866
9/8/2004,54.80403323
9/9/2004,53.6374091
9/10/2004,53.85116575
9/13/2004,54.29735775
9/14/2004,53.99016408
9/15/2004,53.63502344
9/16/2004,53.93055662
9/17/2004,53.36991185
9/20/2004,53.04260246
9/21/2004,53.14959412
9/22/2004,53.98154297
9/23/2004,53.89399303
9/24/2004,54.17575489
9/27/2004,54.74538904
9/28/2004,54.4050628
9/29/2004,53.81004375
9/30/2004,55.05969179
10/1/2004,54.17914838
10/4/2004,53.79251282
10/5/2004,53.46409746
10/6/2004,54.21741312
10/7/2004,54.74341011
10/8/2004,54.41114647
10/11/2004,52.22729318
10/12/2004,52.20210414
10/13/2004,53.12298305
10/14/2004,51.95233954
10/15/2004,53.06774084
10/18/2004,53.49163691
10/19/2004,52.48371435
10/20/2004,50.81615467
10/21/2004,51.45275368
10/22/2004,50.80129288
10/25/2004,50.13582006
10/26/2004,50.39823958
10/27/2004,51.05308084
10/28/2004,50.19330284
10/29/2004,49.9457247
11/1/2004,50.16020569
11/2/2004,50.26586291
11/3/2004,50.11940935
11/4/2004,49.76768605
11/5/2004,49.92542873
11/8/2004,48.85986059
11/9/2004,49.98797137
11/10/2004,50.6000096
11/11/2004,50.67664202
11/12/2004,49.88119095
11/15/2004,49.53241694
11/16/2004,50.21720352
11/17/2004,49.82963119
11/18/2004,50.20938009
11/19/2004,50.23274986
11/22/2004,49.55338085
11/23/2004,49.98621379
11/24/2004,49.49485879
11/25/2004,48.61238081
11/26/2004,47.96562708
11/29/2004,48.46809247
11/30/2004,48.88034041
12/1/2004,48.64801343
12/2/2004,48.34067097
12/3/2004,46.9160053
12/6/2004,46.16915292
12/7/2004,45.4828113
12/8/2004,45.57800881
12/9/2004,45.68886206
12/10/2004,45.06747022
12/13/2004,42.50481476
12/14/2004,42.84930702
12/15/2004,41.84068266
12/16/2004,42.26483746
12/17/2004,41.28401253
12/20/2004,41.65214632
12/21/2004,41.25921212
12/22/2004,41.50861123
12/23/2004,42.42003996
12/24/2004,43.18435683
12/27/2004,43.35789052
12/28/2004,43.73410154
12/29/2004,43.35228665
12/30/2004,43.08279686
12/31/2004,43.69724062
1/3/2005,43.84792156
1/4/2005,44.20131673
1/5/2005,43.80213175
1/6/2005,43.71874457
1/7/2005,43.90907357
1/10/2005,42.9220009
1/11/2005,43.73126812
1/12/2005,43.00620974
1/13/2005,43.68051225
1/14/2005,43.2024976
1/17/2005,44.04910404
1/18/2005,44.39448338
1/19/2005,43.79360468
1/20/2005,43.5859703
1/21/2005,44.19104268
1/24/2005,43.73876412
1/25/2005,44.34080281
1/26/2005,44.69298506
1/27/2005,45.157574
1/28/2005,45.04570578
1/31/2005,44.39465505
2/1/2005,43.75092848
2/2/2005,44.15025198
2/3/2005,43.79072378
2/4/2005,44.28273975
2/7/2005,43.86148255
2/8/2005,44.53197151
2/9/2005,44.52860149
2/10/2005,44.35439701
2/11/2005,43.20260218
2/14/2005,43.48441316
2/15/2005,43.70133703
2/16/2005,44.14662621
2/17/2005,44.23868902
2/18/2005,43.89541307
2/21/2005,44.06459483
2/22/2005,44.36462519
2/23/2005,45.8450766
2/24/2005,44.21174744
2/25/2005,44.0570849
2/28/2005,44.19658151
3/1/2005,44.99909631
3/2/2005,45.03945131
3/3/2005,44.81098651
3/4/2005,44.40499321
3/7/2005,44.44880565
3/8/2005,44.05185863
3/9/2005,44.40564402
3/10/2005,45.22944242
3/11/2005,44.95912656
3/14/2005,44.78545295
3/15/2005,45.05168558
3/16/2005,44.81361501
3/17/2005,43.71485885
3/18/2005,44.23771265
3/21/2005,44.09369483
3/22/2005,44.4312235
3/23/2005,44.15040427
3/24/2005,44.29376447
3/29/2005,44.65571334
3/30/2005,44.79211079
3/31/2005,44.28315545
4/1/2005,44.41278495
4/4/2005,44.37732749
4/5/2005,45.23520714
4/6/2005,45.32207106
4/7/2005,44.98549247
4/8/2005,45.70952446
4/11/2005,44.65584412
4/12/2005,44.32217807
4/13/2005,45.36140578
4/14/2005,44.29549955
4/15/2005,45.36776591
4/18/2005,46.16853865
4/19/2005,46.09328744
4/20/2005,45.8438877
4/21/2005,45.46234637
4/22/2005,45.57483155
4/25/2005,45.42591367
4/26/2005,45.29089019
4/27/2005,45.91786781
4/28/2005,45.74627499
4/29/2005,45.96716069
5/2/2005,46.8765686
5/3/2005,46.89409229
5/4/2005,46.71558334
5/5/2005,46.10790306
5/6/2005,46.90959516
5/9/2005,46.43265067
5/10/2005,46.20429027
5/11/2005,46.54032572
5/12/2005,46.8347135
5/13/2005,46.22669189
5/16/2005,47.37633962
5/17/2005,47.53372195
5/18/2005,47.54270084
5/19/2005,47.20575547
5/20/2005,47.40091262
5/23/2005,48.33821242
5/24/2005,47.91501946
5/25/2005,47.53304702
5/26/2005,47.98345089
5/27/2005,47.80524597
5/30/2005,47.61759187
5/31/2005,48.3431966
6/1/2005,47.91931402
6/2/2005,48.22682527
6/3/2005,48.44597768
6/6/2005,48.02900327
6/7/2005,48.80621398
6/8/2005,48.17058223
6/9/2005,49.43046071
6/10/2005,48.89301622
6/13/2005,47.98256352
6/14/2005,48.35348991
6/15/2005,47.27066387
6/16/2005,47.29285778
6/17/2005,47.60427304
6/20/2005,48.45458113
6/21/2005,47.08259533
6/22/2005,48.86327973
6/23/2005,48.18690265
6/24/2005,47.93678251
6/27/2005,48.05644137
6/28/2005,48.40462232
6/29/2005,47.54878014
6/30/2005,47.91917038
7/1/2005,47.02594162
7/4/2005,48.13513868
7/5/2005,48.25906974
7/6/2005,48.47679877
7/7/2005,54.44026193
7/8/2005,54.18007387
7/11/2005,53.49598657
7/12/2005,53.42742833
7/13/2005,53.3955316
7/14/2005,52.97193841
7/15/2005,52.51486641
7/18/2005,53.52319589
7/19/2005,53.11458633
7/20/2005,53.20216901
7/21/2005,53.80663695
7/22/2005,53.81671292
7/25/2005,53.93199565
7/26/2005,52.65880499
7/27/2005,52.23622729
7/28/2005,52.29606054
7/29/2005,51.84833882
8/1/2005,50.87899835
8/2/2005,49.15394465
8/3/2005,49.74793352
8/4/2005,49.5055455
8/5/2005,49.81927876
8/8/2005,51.50831035
8/9/2005,50.28541656
8/10/2005,50.77140919
8/11/2005,51.16594886
8/12/2005,49.88163644
8/15/2005,49.81856984
8/16/2005,49.49287775
8/17/2005,50.22850749
8/18/2005,48.9709781
8/19/2005,48.80375478
8/22/2005,49.3597718
8/23/2005,49.07474451
8/24/2005,49.14650866
8/25/2005,49.13509096
8/26/2005,50.45150878
8/29/2005,49.70671572
8/30/2005,49.67435533
8/31/2005,49.23631164
9/1/2005,50.59106404
9/2/2005,50.01629533
9/5/2005,51.00895281
9/6/2005,49.73648978
9/7/2005,50.34236553
9/8/2005,49.86746869
9/9/2005,51.41197962
9/12/2005,50.46450374
9/13/2005,51.07397005
9/14/2005,50.37117693
9/15/2005,49.24738907
9/16/2005,49.30982049
9/19/2005,49.82419473
9/20/2005,49.94900796
9/21/2005,49.44060191
9/22/2005,48.96989295
9/23/2005,49.2039816
9/26/2005,49.06235676
9/27/2005,49.35318224
9/28/2005,49.14045663
9/29/2005,49.47878703
9/30/2005,49.04550473
10/3/2005,49.79551762
10/4/2005,49.24885311
10/5/2005,49.37214484
10/6/2005,49.7566097
10/7/2005,49.03747067
10/10/2005,49.41709045
10/11/2005,49.78783604
10/12/2005,49.95448602
10/13/2005,51.45391658
10/14/2005,52.1373831
10/17/2005,51.44552929
10/18/2005,52.0948592
10/19/2005,54.26962003
10/20/2005,54.23662731
10/21/2005,53.90016891
10/24/2005,54.72036259
10/25/2005,53.91258763
10/26/2005,53.49466947
10/27/2005,53.49270216
10/28/2005,53.52693305
10/31/2005,53.67836785
11/1/2005,54.15078707
11/2/2005,54.00802461
11/3/2005,53.74520327
11/4/2005,54.97319776
11/7/2005,53.57870587
11/8/2005,53.8868804
11/9/2005,54.14838388
11/10/2005,54.29755526
11/11/2005,54.14282094
11/14/2005,52.48409307
11/15/2005,52.80571267
11/16/2005,52.57027098
11/17/2005,52.52984356
11/18/2005,52.3021005
11/21/2005,52.2142157
11/22/2005,52.64690906
11/23/2005,51.42623682
11/24/2005,51.38963313
11/25/2005,51.30353499
11/28/2005,51.78560613
11/29/2005,51.90944506
11/30/2005,52.43062401
12/1/2005,51.95052514
12/2/2005,51.35550161
12/5/2005,51.63360019
12/6/2005,51.25478583
12/7/2005,50.83038221
12/8/2005,50.95678526
12/9/2005,50.77777715
12/12/2005,50.51102803
12/13/2005,50.48133889
12/14/2005,50.57191581
12/15/2005,50.4061018
12/16/2005,50.52175516
12/19/2005,50.40074576
12/20/2005,50.99071951
12/21/2005,50.52478761
12/22/2005,50.78506606
12/23/2005,51.2405735
12/27/2005,51.80231973
12/28/2005,51.84487174
12/29/2005,53.0322382
12/30/2005,52.90846687
1/2/2006,53.53689825
1/3/2006,52.87861535
1/4/2006,52.87941482
1/5/2006,53.68160794
1/6/2006,53.03214556
1/9/2006,52.86434644
1/10/2006,52.81083249
1/11/2006,52.08966223
1/12/2006,52.6546103
1/13/2006,52.66374826
1/16/2006,52.54106846
1/17/2006,53.13951234
1/18/2006,53.67866293
1/19/2006,53.36902904
1/20/2006,53.62107993
1/23/2006,53.58835014
1/24/2006,53.81553726
1/25/2006,54.46756816
1/26/2006,53.17229607
1/27/2006,53.24963594
1/30/2006,53.26944853
1/31/2006,53.01923445
2/1/2006,52.81574394
2/2/2006,53.34860783
2/3/2006,47.42323843
2/6/2006,46.84459852
2/7/2006,47.25456274
2/8/2006,47.48156017
2/9/2006,46.87932652
2/10/2006,46.55904568
2/13/2006,46.33780114
2/14/2006,46.53244148
2/15/2006,46.36528662
2/16/2006,46.35208505
2/17/2006,46.29059943
2/20/2006,46.72112738
2/21/2006,46.36226504
2/22/2006,46.40458408
2/23/2006,46.31660002
2/24/2006,47.06960606
2/27/2006,47.42149569
2/28/2006,48.49618659
3/1/2006,47.94935365
3/2/2006,48.40385647
3/3/2006,47.609414
3/6/2006,48.38623702
3/7/2006,48.42832076
3/8/2006,49.14173591
3/9/2006,50.3947079
3/10/2006,49.95226897
3/13/2006,50.79904943
3/14/2006,50.31298765
3/15/2006,49.62635229
3/16/2006,49.73311106
3/17/2006,49.8933006
3/20/2006,49.77318417
3/21/2006,49.7910808
3/22/2006,49.90221559
3/23/2006,50.15773373
3/24/2006,49.99639323
3/27/2006,49.58335112
3/28/2006,50.06155941
3/29/2006,50.2120934
3/30/2006,49.9734119
3/31/2006,50.11468062
4/3/2006,50.41653111
4/4/2006,50.06104906
4/5/2006,50.77626457
4/6/2006,50.09690598
4/7/2006,50.1559994
4/10/2006,50.30657245
4/11/2006,50.07732555
4/12/2006,50.13009359
4/13/2006,49.68149546
4/18/2006,50.66425631
4/19/2006,49.57312417
4/20/2006,50.12057886
4/21/2006,50.45626802
4/24/2006,50.25671467
4/25/2006,49.89689944
4/26/2006,50.27027117
4/27/2006,51.69799196
4/28/2006,52.02800969
5/2/2006,51.42006387
5/3/2006,51.23812961
5/4/2006,50.75823387
5/5/2006,51.31531036
5/8/2006,51.36911339
5/9/2006,51.24598585
5/10/2006,50.54855711
5/11/2006,50.94496385
5/12/2006,51.1446542
5/15/2006,52.54327649
5/16/2006,54.26263482
5/17/2006,54.40437842
5/18/2006,54.65230336
5/19/2006,56.00763988
5/22/2006,57.45358714
5/23/2006,57.95680609
5/24/2006,58.69105472
5/25/2006,57.93729062
5/26/2006,57.16834742
5/29/2006,58.44915482
5/30/2006,58.30248081
5/31/2006,59.6154824
6/1/2006,59.49047395
6/2/2006,59.0301078
6/5/2006,58.85083034
6/6/2006,59.79077455
6/7/2006,60.97256159
6/8/2006,61.93620441
6/9/2006,61.96603778
6/12/2006,62.67058987
6/13/2006,63.43793197
6/14/2006,64.31350006
6/15/2006,64.42899806
6/16/2006,64.51413814
6/19/2006,64.00784974
6/20/2006,64.58849195
6/21/2006,64.58258028
6/22/2006,64.61151695
6/23/2006,64.28975383
6/26/2006,64.36452546
6/27/2006,64.50203469
6/28/2006,64.35523778
6/29/2006,63.78208903
6/30/2006,64.65367904
7/3/2006,64.3652037
7/4/2006,64.5854585
7/5/2006,64.457696
7/6/2006,65.08705487
7/7/2006,64.71944732
7/10/2006,64.45294345
7/11/2006,64.44352115
7/12/2006,64.4473075
7/13/2006,65.34818082
7/14/2006,65.39770767
7/17/2006,66.31782944
7/18/2006,65.57920041
7/19/2006,65.42348448
7/20/2006,65.8231492
7/21/2006,65.49165465
7/24/2006,65.8461275
7/25/2006,65.29884422
7/26/2006,65.11524385
7/27/2006,65.39957739
7/28/2006,64.79566642
7/31/2006,64.8082285
8/1/2006,65.13176289
8/2/2006,64.86260934
8/3/2006,65.43868528
8/4/2006,64.47440356
8/7/2006,64.5986774
8/8/2006,64.92991921
8/9/2006,65.47093811
8/10/2006,65.60002073
8/11/2006,65.39646766
8/14/2006,65.74808916
8/15/2006,65.60397097
8/16/2006,65.23815766
8/17/2006,65.7498006
8/18/2006,66.10629305
8/21/2006,65.91037498
8/22/2006,65.25164972
8/23/2006,65.81752719
8/24/2006,65.77808852
8/25/2006,66.05434385
8/28/2006,66.1578033
8/29/2006,66.41450014
8/30/2006,66.51184922
8/31/2006,66.8567667
9/1/2006,66.14221394
9/4/2006,66.69808686
9/5/2006,66.94051282
9/6/2006,66.8132074
9/7/2006,66.80647174
9/8/2006,66.26823464
9/11/2006,65.84025611
9/12/2006,65.46762716
9/13/2006,65.76134783
9/14/2006,65.58524929
9/15/2006,65.55180233
9/18/2006,65.9514269
9/19/2006,65.72211117
9/20/2006,65.90816164
9/21/2006,65.45479116
9/22/2006,65.55948505
9/25/2006,65.96030866
9/26/2006,66.03533587
9/27/2006,65.98900125
9/28/2006,65.87478398
9/29/2006,65.71981794
10/2/2006,65.77626059
10/3/2006,65.89079206
10/4/2006,65.98528477
10/5/2006,66.10972886
10/6/2006,66.05823074
10/9/2006,65.20834225
10/10/2006,65.37247849
10/11/2006,64.96666258
10/12/2006,64.31398953
10/13/2006,64.15142993
10/16/2006,64.38575985
10/17/2006,64.07302022
10/18/2006,64.30281357
10/19/2006,64.18092408
10/20/2006,64.32808458
10/23/2006,64.39673841
10/24/2006,64.39505054
10/25/2006,64.2224367
10/26/2006,63.89980228
10/27/2006,63.95848649
10/30/2006,63.73397994
10/31/2006,64.02737885
11/1/2006,63.83778969
11/2/2006,63.44624477
11/3/2006,63.24858099
11/6/2006,63.21756987
11/7/2006,62.59487948
11/8/2006,63.00751068
11/9/2006,62.77578223
11/10/2006,62.34219476
11/13/2006,62.80744933
11/14/2006,62.79661543
11/15/2006,62.78299553
11/16/2006,62.80637199
11/17/2006,62.88739638
11/20/2006,63.57683335
11/21/2006,63.53771073
11/22/2006,63.59595232
11/23/2006,63.44420811
11/24/2006,63.62218212
11/27/2006,63.76867097
11/28/2006,63.37404548
11/29/2006,63.25678767
11/30/2006,63.43162238
12/1/2006,63.37078874
12/4/2006,62.74446979
12/5/2006,62.98569451
12/6/2006,62.25542072
12/7/2006,62.59402003
12/8/2006,62.64622262
12/11/2006,62.70965157
12/12/2006,61.52786918
12/13/2006,61.60298743
12/14/2006,61.84455489
12/15/2006,61.91123432
12/18/2006,60.71454522
12/19/2006,60.57570078
12/20/2006,60.26823346
12/21/2006,60.28714122
12/22/2006,61.57930334
12/27/2006,60.58697902
12/28/2006,60.43112138
12/29/2006,58.21554021
1/2/2007,59.07982443
1/3/2007,58.91003061
1/4/2007,59.47522242
1/5/2007,59.45306807
1/8/2007,57.88795226
1/9/2007,56.19299195
1/10/2007,55.96110271
1/11/2007,56.7316292
1/12/2007,55.38490997
1/15/2007,54.50527094
1/16/2007,54.5785567
1/17/2007,53.84154542
1/18/2007,53.30969418
1/19/2007,53.37720192
1/22/2007,53.24112459
1/23/2007,53.50859413
1/24/2007,52.86931237
1/25/2007,53.4715315
1/26/2007,52.88876938
1/29/2007,52.73162873
1/30/2007,52.93332201
1/31/2007,52.877597
2/1/2007,53.96858177
2/2/2007,53.68545789
2/5/2007,54.33463993
2/6/2007,54.22634315
2/7/2007,53.76292278
2/8/2007,54.36062591
2/9/2007,53.89506955
2/12/2007,54.43400087
2/13/2007,52.93404935
2/14/2007,53.22789604
2/15/2007,51.32328148
2/16/2007,51.98429728
2/19/2007,51.31628119
2/20/2007,50.97361044
2/21/2007,51.16728412
2/22/2007,50.28745865
2/23/2007,49.41996201
2/26/2007,49.8881921
2/27/2007,55.08460289
2/28/2007,58.16868971
3/1/2007,62.33939635
3/2/2007,60.90431136
3/5/2007,62.66095782
3/6/2007,62.27245371
3/7/2007,62.38194022
3/8/2007,62.17110805
3/9/2007,62.49182778
3/12/2007,61.2638407
3/13/2007,61.50605369
3/14/2007,61.64456337
3/15/2007,61.80192246
3/16/2007,62.25741069
3/19/2007,62.17860981
3/20/2007,62.09835157
3/21/2007,62.31362481
3/22/2007,62.33295819
3/23/2007,62.99352983
3/26/2007,62.64175569
3/27/2007,62.46810919
3/28/2007,62.76149063
3/29/2007,63.16380646
3/30/2007,62.30182431
4/2/2007,62.71898069
4/3/2007,62.44340858
4/4/2007,63.43461705
4/5/2007,63.04014808
4/10/2007,63.13744666
4/11/2007,63.9639201
4/12/2007,63.39579254
4/13/2007,63.11945373
4/16/2007,63.16528192
4/17/2007,63.43970876
4/18/2007,62.47995812
4/19/2007,63.4507788
4/20/2007,63.98653059
4/23/2007,64.5468198
4/24/2007,64.02412107
4/25/2007,64.08472012
4/26/2007,65.09580784
4/27/2007,64.25849976
4/30/2007,64.00771876
5/2/2007,64.00166549
5/3/2007,63.29902514
5/4/2007,64.54005156
5/7/2007,63.73460391
5/8/2007,65.79070614
5/9/2007,64.15384501
5/10/2007,63.88935826
5/11/2007,64.11302601
5/14/2007,64.32937977
5/15/2007,64.39682845
5/16/2007,64.53197269
5/17/2007,63.88615845
5/18/2007,64.85640727
5/21/2007,64.44199668
5/22/2007,64.599392
5/23/2007,64.18832678
5/24/2007,64.50611182
5/25/2007,64.6773094
5/28/2007,64.63563142
5/29/2007,65.35679764
5/30/2007,65.40594477
5/31/2007,65.21892958
6/1/2007,65.17324661
6/4/2007,65.96099482
6/5/2007,65.15943629
6/6/2007,65.4304609
6/7/2007,65.65050173
6/8/2007,65.78385661
6/11/2007,66.22381367
6/12/2007,66.59723757
6/13/2007,66.35942531
6/14/2007,67.14464188
6/15/2007,66.91529101
6/18/2007,66.82727618
6/19/2007,66.91317325
6/20/2007,66.85590204
6/21/2007,66.72781029
6/22/2007,66.87925767
6/25/2007,67.41344292
6/26/2007,66.89243993
6/27/2007,66.89633218
6/28/2007,66.8697398
6/29/2007,66.73021572
7/2/2007,66.91663557
7/3/2007,67.20688754
7/4/2007,67.34515098
7/5/2007,67.5093471
7/6/2007,67.71307508
7/9/2007,67.80294448
7/10/2007,67.75956302
7/11/2007,67.87896079
7/12/2007,68.0021178
7/13/2007,67.72410643
7/16/2007,67.58787955
7/17/2007,67.91093473
7/18/2007,67.97490597
7/19/2007,68.1018947
7/20/2007,68.39158505
7/23/2007,67.65746115
7/24/2007,68.16271983
7/25/2007,68.31191473
7/26/2007,68.84528924
7/27/2007,69.62937541
7/30/2007,69.13097621
7/31/2007,68.42190847
8/1/2007,69.9664888
8/2/2007,69.45746559
8/3/2007,69.69206465
8/6/2007,69.92699277
8/7/2007,70.33387394
8/8/2007,69.99814992
8/9/2007,70.20418483
8/10/2007,71.52417579
8/13/2007,71.87276355
8/14/2007,71.94175722
8/15/2007,72.3117038
8/16/2007,73.74939277
8/17/2007,75.70356138
8/20/2007,75.97380144
8/21/2007,75.87302942
8/22/2007,76.11090838
8/23/2007,76.62199685
8/24/2007,76.71856398
8/27/2007,77.00123892
8/28/2007,77.46406332
8/29/2007,76.9665196
8/30/2007,76.81154901
8/31/2007,76.62681225
9/3/2007,77.34000258
9/4/2007,77.50778746
9/5/2007,77.75254185
9/6/2007,77.49796367
9/7/2007,77.52879457
9/10/2007,77.57278896
9/11/2007,77.63253724
9/12/2007,77.77182332
9/13/2007,77.50413817
9/14/2007,77.45393958
9/17/2007,76.94493673
9/18/2007,77.31548072
9/19/2007,77.58983127
9/20/2007,77.3337038
9/21/2007,77.32997318
9/24/2007,77.28511671
9/25/2007,77.05659537
9/26/2007,76.94421159
9/27/2007,76.68879057
9/28/2007,75.13505221
10/1/2007,74.77089338
10/2/2007,72.32615058
10/3/2007,72.4466289
10/4/2007,71.65513987
10/5/2007,71.52874982
10/8/2007,71.93381102
10/9/2007,72.29111729
10/10/2007,72.41340106
10/11/2007,72.78885335
10/12/2007,72.44840403
10/15/2007,71.51904612
10/16/2007,72.3701498
10/17/2007,71.82039503
10/18/2007,71.7811248
10/19/2007,71.99813182
10/22/2007,72.35583331
10/23/2007,72.34490461
10/24/2007,72.32768731
10/25/2007,72.31534023
10/26/2007,72.09319191
10/29/2007,72.98289863
10/30/2007,72.08882025
10/31/2007,72.32329886
11/1/2007,72.63547144
11/2/2007,72.85856722
11/5/2007,73.06252562
11/6/2007,73.13543813
11/7/2007,72.67273061
11/8/2007,73.62035378
11/9/2007,73.85593614
11/12/2007,73.7327197
11/13/2007,73.74229597
11/14/2007,73.8886339
11/15/2007,73.97150684
11/16/2007,73.27781608
11/19/2007,73.43133907
11/20/2007,74.07692457
11/21/2007,74.43247685
11/22/2007,73.82690668
11/23/2007,73.65446504
11/26/2007,74.25428133
11/27/2007,73.93927429
11/28/2007,74.55316869
11/29/2007,74.11514939
11/30/2007,74.44564935
12/3/2007,74.54787803
12/4/2007,74.37802481
12/5/2007,74.38828443
12/6/2007,74.75068563
12/7/2007,74.61407617
12/10/2007,74.88867931
12/11/2007,74.95248932
12/12/2007,75.03197613
12/13/2007,74.91281507
12/14/2007,74.78187355
12/17/2007,75.05795996
12/18/2007,74.96853522
12/19/2007,74.95875273
12/20/2007,75.00684983
12/21/2007,74.67084609
12/24/2007,74.35941617
12/27/2007,74.68079313
12/28/2007,73.9371645
1/2/2008,74.11338447
1/3/2008,73.91907098
1/4/2008,74.06443191
1/7/2008,74.23224749
1/8/2008,73.79794926
1/9/2008,73.96078672
1/10/2008,74.01367543
1/11/2008,73.60291072
1/14/2008,73.88228122
1/15/2008,74.21459841
1/16/2008,74.9088383
1/17/2008,75.3163835
1/18/2008,75.9466856
1/21/2008,76.75914827
1/22/2008,78.40810469
1/23/2008,79.374044
1/24/2008,79.14048136
1/25/2008,78.69644342
1/28/2008,78.98867571
1/29/2008,78.93101782
1/30/2008,79.09586402
1/31/2008,80.15988753
2/1/2008,79.62243371
2/4/2008,79.32859991
2/5/2008,79.51159289
2/6/2008,79.31840927
2/7/2008,78.74287215
2/8/2008,79.53774729
2/11/2008,79.15283676
2/12/2008,79.38240122
2/13/2008,79.59495603
2/14/2008,79.65344263
2/15/2008,79.59906794
2/18/2008,79.67287473
2/19/2008,78.88683113
2/20/2008,79.40000347
2/21/2008,78.94153941
2/22/2008,79.1466941
2/25/2008,78.20216507
2/26/2008,78.71933887
2/27/2008,78.35056706
2/28/2008,77.77140325
2/29/2008,78.54372123
3/3/2008,78.59755265
3/4/2008,78.64350239
3/5/2008,78.19696733
3/6/2008,78.57471102
3/7/2008,78.31763666
3/10/2008,77.95959587
3/11/2008,78.50920301
3/12/2008,78.39292824
3/13/2008,78.86920937
3/14/2008,78.5949469
3/17/2008,78.56798773
3/18/2008,78.70118202
3/19/2008,77.77449034
3/20/2008,75.55201701
3/25/2008,75.93571374
3/26/2008,76.79352056
3/27/2008,76.00742021
3/28/2008,76.4212573
3/31/2008,76.60626941
4/1/2008,76.07946942
4/2/2008,76.69996405
4/3/2008,76.0880091
4/4/2008,76.26253937
4/7/2008,75.52363494
4/8/2008,76.09777576
4/9/2008,75.57597083
4/10/2008,75.19133244
4/11/2008,76.35966996
4/14/2008,76.27328762
4/15/2008,76.96364226
4/16/2008,76.66283232
4/17/2008,76.1225594
4/18/2008,76.68238434
4/21/2008,75.72455829
4/22/2008,76.08350148
4/23/2008,75.9038474
4/24/2008,75.5199027
4/25/2008,75.68450445
4/28/2008,76.61364902
4/29/2008,76.41911124
4/30/2008,76.11091752
5/2/2008,75.96061248
5/5/2008,75.20774246
5/6/2008,75.31009123
5/7/2008,76.07191502
5/8/2008,75.40953211
5/9/2008,75.80310096
5/12/2008,75.99630311
5/13/2008,75.93765578
5/14/2008,75.01700545
5/15/2008,75.21426907
5/16/2008,75.86436499
5/19/2008,76.05151918
5/20/2008,76.13514671
5/21/2008,75.78902658
5/22/2008,75.67126828
5/23/2008,76.20486298
5/26/2008,76.25730752
5/27/2008,76.46476815
5/28/2008,76.35650592
5/29/2008,76.49118949
5/30/2008,76.4614683
6/2/2008,76.57222477
6/3/2008,76.3910725
6/4/2008,76.03421564
6/5/2008,76.33831571
6/6/2008,75.98679963
6/9/2008,75.94107313
6/10/2008,75.77096808
6/11/2008,75.54717787
6/12/2008,75.80943505
6/13/2008,75.28642364
6/16/2008,75.42091385
6/17/2008,75.28683352
6/18/2008,75.08076901
6/19/2008,74.6928812
6/20/2008,74.85850085
6/23/2008,74.26279978
6/24/2008,75.18272974
6/25/2008,74.2084178
6/26/2008,73.8936632
6/27/2008,73.96905886
6/30/2008,73.24401616
7/1/2008,72.97728411
7/2/2008,73.62906324
7/3/2008,73.19427324
7/4/2008,73.71993892
7/7/2008,73.37023694
7/8/2008,74.18674516
7/9/2008,73.27027893
7/10/2008,73.70744811
7/11/2008,73.41948528
7/14/2008,73.21113113
7/15/2008,73.52615811
7/16/2008,74.38063095
7/17/2008,74.121353
7/18/2008,74.20063575
7/21/2008,74.11890653
7/22/2008,74.07907756
7/23/2008,74.39133127
7/24/2008,74.56013063
7/25/2008,73.66583671
7/28/2008,71.84439924
7/29/2008,71.77974614
7/30/2008,70.16289104
7/31/2008,70.10845829
8/1/2008,70.70990414
8/4/2008,70.84258016
8/5/2008,70.896019
8/6/2008,70.84226654
8/7/2008,71.18069819
8/8/2008,70.92421776
8/11/2008,71.14809776
8/12/2008,71.51178178
8/13/2008,70.92173508
8/14/2008,71.23695988
8/15/2008,71.03125002
8/18/2008,71.23643662
8/19/2008,70.59900238
8/20/2008,70.50992411
8/21/2008,69.84712155
8/22/2008,65.33472713
8/25/2008,63.29142462
8/26/2008,62.76781462
8/27/2008,63.11451739
8/28/2008,62.79314654
8/29/2008,62.49907733
9/1/2008,62.11449866
9/2/2008,61.61015229
9/3/2008,61.8142247
9/4/2008,62.01353857
9/5/2008,61.86834119
9/8/2008,62.31747742
9/9/2008,61.96624098
9/10/2008,61.5849316
9/11/2008,62.84935357
9/12/2008,63.12727452
9/15/2008,63.55593193
9/16/2008,67.03295467
9/17/2008,68.87331236
9/18/2008,70.30170737
9/19/2008,70.46551541
9/22/2008,70.78894861
9/23/2008,70.06353566
9/24/2008,70.55095313
9/25/2008,70.27113374
9/26/2008,70.8271841
9/29/2008,72.76071689
9/30/2008,73.66730835
10/1/2008,73.51023409
10/2/2008,73.16007318
10/3/2008,72.91631736
10/6/2008,74.34651838
10/7/2008,75.09420343
10/8/2008,76.37248459
10/9/2008,76.00318486
10/10/2008,76.88316997
10/13/2008,76.56430865
10/14/2008,76.28406776
10/15/2008,76.05173427
10/16/2008,75.33513369
10/17/2008,76.27810567
10/20/2008,76.69257439
10/21/2008,77.9441714
10/22/2008,77.77200364
10/23/2008,76.73183571
10/24/2008,77.70430251
10/27/2008,77.71725669
10/28/2008,77.47865732
10/29/2008,78.01289332
10/30/2008,78.25908173
10/31/2008,77.56699804
11/3/2008,77.71134361
11/4/2008,77.70771334
11/5/2008,77.8991563
11/6/2008,77.59497365
11/7/2008,77.93152183
11/10/2008,78.04503027
11/11/2008,78.18351534
11/12/2008,78.38698817
11/13/2008,78.35111713
11/14/2008,78.73524025
11/17/2008,78.10876676
11/18/2008,77.94277482
11/19/2008,77.03808303
11/20/2008,78.10007306
11/21/2008,78.13198267
11/24/2008,78.58649555
11/25/2008,77.5416377
11/26/2008,78.59066318
11/27/2008,78.49847399
11/28/2008,78.4723368
12/1/2008,78.07157038
12/2/2008,77.79972714
12/3/2008,77.84274353
12/4/2008,77.81028657
12/5/2008,77.291198
12/8/2008,77.47339061
12/9/2008,77.35232619
12/10/2008,77.929433
12/11/2008,78.23954513
12/12/2008,77.94043933
12/15/2008,77.84279246
12/16/2008,77.61518493
12/17/2008,77.50323877
12/18/2008,77.77850417
12/19/2008,77.47712666
12/22/2008,76.98078816
12/23/2008,76.83217897
12/24/2008,77.01195366
12/29/2008,76.96714758
12/30/2008,76.78861787
12/31/2008,76.82408828
1/2/2009,76.66262355
1/5/2009,76.67353703
1/6/2009,76.30807723
1/7/2009,75.78985756
1/8/2009,75.97080346
1/9/2009,75.95332349
1/12/2009,76.20156268
1/13/2009,75.88933023
1/14/2009,76.79493696
1/15/2009,76.87133287
1/16/2009,76.97985455
1/19/2009,77.05321332
1/20/2009,76.83103387
1/21/2009,77.179345
1/22/2009,77.08965599
1/23/2009,76.62813777
1/26/2009,76.7033389
1/27/2009,76.19074095
1/28/2009,76.33951625
1/29/2009,76.27333023
1/30/2009,76.15230066
2/2/2009,75.99317035
2/3/2009,75.78325541
2/4/2009,75.39191284
2/5/2009,75.25147726
2/6/2009,75.50970777
2/9/2009,75.4489404
2/10/2009,75.32914866
2/11/2009,75.62575295
2/12/2009,74.78675041
2/13/2009,74.41628288
2/16/2009,75.70427655
2/17/2009,75.9787766
2/18/2009,76.10141397
2/19/2009,75.13732474
2/20/2009,75.93187974
2/23/2009,75.52218008
2/24/2009,75.81059266
2/25/2009,75.50897916
2/26/2009,75.22309834
2/27/2009,75.38598082
3/2/2009,74.74145907
3/3/2009,75.22574883
3/4/2009,75.4323903
3/5/2009,74.94585507
3/6/2009,75.48719978
3/9/2009,75.30701713
3/10/2009,75.38983158
3/11/2009,75.33199453
3/12/2009,75.4266927
3/13/2009,74.30171867
3/16/2009,75.36570724
3/17/2009,75.55048527
3/18/2009,74.61435081
3/19/2009,75.03516844
3/20/2009,75.11046807
3/23/2009,75.30093726
3/24/2009,75.11458494
3/25/2009,74.94148527
3/26/2009,74.33383758
3/27/2009,74.02487842
3/30/2009,74.23010033
3/31/2009,74.90257452
4/1/2009,73.91778668
4/2/2009,73.54828717
4/3/2009,73.54437173
4/6/2009,73.13260086
4/7/2009,73.94891733
4/8/2009,73.2150433
4/9/2009,73.27476433
4/14/2009,73.18219839
4/15/2009,73.31636308
4/16/2009,72.99917827
4/17/2009,73.18238707
4/20/2009,72.71996897
4/21/2009,72.57848731
4/22/2009,72.70387647
4/23/2009,72.86423397
4/24/2009,72.70747339
4/27/2009,72.84477242
4/28/2009,72.75042677
4/29/2009,70.87430922
4/30/2009,70.53679834
5/4/2009,71.46483155
5/5/2009,72.37300076
5/6/2009,71.02947921
5/7/2009,71.6034341
5/8/2009,71.59301545
5/11/2009,71.78090757
5/12/2009,69.82975601
5/13/2009,69.64644795
5/14/2009,69.12207647
5/15/2009,69.275447
5/18/2009,67.55515541
5/19/2009,67.91369251
5/20/2009,67.22530858
5/21/2009,67.7361754
5/22/2009,66.96902998
5/25/2009,66.07092452
5/26/2009,66.08945075
5/27/2009,66.18108135
5/28/2009,66.04024894
5/29/2009,64.66299692
6/1/2009,62.58541035
6/2/2009,61.67958486
6/3/2009,61.41758235
6/4/2009,61.70065853
6/5/2009,61.331811
6/8/2009,62.01579417
6/9/2009,61.46064567
6/10/2009,61.7122573
6/11/2009,61.29263508
6/12/2009,61.65182009
6/15/2009,61.22356395
6/16/2009,60.86255665
6/17/2009,61.08688912
6/18/2009,60.27890104
6/19/2009,60.25499411
6/22/2009,60.39642535
6/23/2009,60.26893993
6/24/2009,60.31068112
6/25/2009,60.22204666
6/26/2009,59.89611475
6/29/2009,58.87926348
6/30/2009,58.25099036
7/1/2009,59.07872781
7/2/2009,59.35307593
7/3/2009,60.68610313
7/6/2009,60.35296066
7/7/2009,59.71479022
7/8/2009,59.27661615
7/9/2009,59.76493415
7/10/2009,59.5942121
7/13/2009,59.83647959
7/14/2009,59.49194473
7/15/2009,60.27798706
7/16/2009,60.64253451
7/17/2009,61.15701185
7/20/2009,60.73494651
7/21/2009,60.14500761
7/22/2009,60.34525475
7/23/2009,60.35184395
7/24/2009,60.12485322
7/27/2009,60.7621462
7/28/2009,60.33418159
7/29/2009,60.52157267
7/30/2009,60.40497036
7/31/2009,60.55162638
8/3/2009,60.57646705
8/4/2009,60.83073326
8/5/2009,61.21582089
8/6/2009,61.09901126
8/7/2009,61.06673977
8/10/2009,61.08067503
8/11/2009,61.57983486
8/12/2009,62.07776638
8/13/2009,60.89880056
8/14/2009,61.43203245
8/17/2009,60.36786919
8/18/2009,60.90626968
8/19/2009,60.83660385
8/20/2009,61.93120146
8/21/2009,61.38340212
8/24/2009,61.2646345
8/25/2009,61.18812513
8/26/2009,61.39346367
8/27/2009,60.58500148
8/28/2009,61.13571644
8/31/2009,60.70770124
9/1/2009,60.18782732
9/2/2009,60.57470473
9/3/2009,61.28150616
9/4/2009,62.17424103
9/7/2009,62.77119204
9/8/2009,63.04030751
9/9/2009,62.65181405
9/10/2009,62.72823065
9/11/2009,63.32608287
9/14/2009,63.49437098
9/15/2009,63.93769802
9/16/2009,64.20476446
9/17/2009,64.25223857
9/18/2009,64.00124444
9/21/2009,63.03748233
9/22/2009,63.65303873
9/23/2009,63.39050705
9/24/2009,63.18560989
9/25/2009,63.0861961
9/28/2009,63.33001526
9/29/2009,63.91467955
9/30/2009,64.11407542
10/1/2009,63.94993113
10/2/2009,63.54666873
10/5/2009,63.77105925
10/6/2009,64.51151388
10/7/2009,64.06533452
10/8/2009,65.19098977
10/9/2009,65.09412606
10/12/2009,64.73965112
10/13/2009,65.00944631
10/14/2009,64.68735463
10/15/2009,64.47324506
10/16/2009,64.77079384
10/19/2009,65.10301645
10/20/2009,64.82338098
10/21/2009,64.45886847
10/22/2009,64.98357035
10/23/2009,64.8336526
10/26/2009,64.73183318
10/27/2009,63.61272371
10/28/2009,64.63376618
10/29/2009,65.23786271
10/30/2009,66.12395232
11/2/2009,65.59364057
11/3/2009,66.05386142
11/4/2009,65.60800139
11/5/2009,65.85930845
11/6/2009,65.39954653
11/9/2009,66.25755725
11/10/2009,66.05383673
11/11/2009,65.26461658
11/12/2009,65.95120722
11/13/2009,65.86709134
11/16/2009,66.09636718
11/17/2009,65.1964356
11/18/2009,65.22081577
11/19/2009,65.58112507
11/20/2009,64.9219606
11/23/2009,64.41306357
11/24/2009,64.29585471
11/25/2009,64.38387163
11/26/2009,64.53962811
11/27/2009,65.98212936
11/30/2009,66.25547684
12/1/2009,65.74483963
12/2/2009,65.82151269
12/3/2009,64.80702572
12/4/2009,65.75302839
12/7/2009,65.01097367
12/8/2009,64.69890546
12/9/2009,64.46782089
12/10/2009,64.41749838
12/11/2009,64.39791941
12/14/2009,63.74068871
12/15/2009,64.00526133
12/16/2009,63.81580207
12/17/2009,63.59666181
12/18/2009,63.52608165
12/21/2009,64.04415035
12/22/2009,63.71490215
12/23/2009,64.56031079
12/24/2009,65.18360854
12/28/2009,65.46967582
12/29/2009,66.08211482
12/30/2009,66.30672898
12/31/2009,66.33171243
1/4/2010,66.40757562
1/5/2010,66.26208882
1/6/2010,66.16409393
1/7/2010,66.31752394
1/8/2010,66.33521644
1/11/2010,66.76595645
1/12/2010,66.71678587
1/13/2010,67.38875144
1/14/2010,67.89402368
1/15/2010,67.36275993
1/18/2010,67.7691037
1/19/2010,68.08781242
1/20/2010,67.35692577
1/21/2010,67.21139283
1/22/2010,68.12094831
1/25/2010,67.90622853
1/26/2010,67.90387644
1/27/2010,68.3480378
1/28/2010,68.14126513
1/29/2010,67.64862992
2/1/2010,67.72635673
2/2/2010,67.72723733
2/3/2010,67.96097764
2/4/2010,68.2108192
2/5/2010,68.19975054
2/8/2010,68.79449397
2/9/2010,68.55687554
2/10/2010,67.85193962
2/11/2010,67.86049764
2/12/2010,68.0603714
2/15/2010,68.28316173
2/16/2010,68.56947152
2/17/2010,68.81141885
2/18/2010,68.60466848
2/19/2010,68.68164683
2/22/2010,69.44252291
2/23/2010,69.72000871
2/24/2010,69.78378643
2/25/2010,70.19618934
2/26/2010,69.5810547
3/1/2010,69.39524897
3/2/2010,69.5511842
3/3/2010,69.23527761
3/4/2010,69.74073482
3/5/2010,69.21123245
3/8/2010,70.34446812
3/9/2010,70.66141194
3/10/2010,70.10412838
3/11/2010,70.43263368
3/12/2010,70.33689811
3/15/2010,70.21943288
3/16/2010,70.44658418
3/17/2010,69.83150102
3/18/2010,69.74985323
3/19/2010,70.20669674
3/22/2010,70.05995358
3/23/2010,70.32813538
3/24/2010,69.95349637
3/25/2010,70.51980122
3/26/2010,70.68510499
3/29/2010,70.47073793
3/30/2010,70.73178371
3/31/2010,70.388167
4/1/2010,69.65006698
4/6/2010,69.54674154
4/7/2010,69.93759251
4/8/2010,69.96286451
4/9/2010,70.16471774
4/12/2010,70.1409114
4/13/2010,70.17496116
4/14/2010,70.03055722
4/15/2010,70.24047467
4/16/2010,70.16456668
4/19/2010,70.32196242
4/20/2010,70.28134016
4/21/2010,70.69065182
4/22/2010,70.31380236
4/23/2010,70.19082857
4/26/2010,70.3382222
4/27/2010,70.17014156
4/28/2010,71.21147986
4/29/2010,70.78869551
4/30/2010,70.62250868
5/3/2010,70.73739834
5/4/2010,71.34967945
5/5/2010,71.57084438
5/6/2010,72.3461647
5/7/2010,73.56836784
5/10/2010,73.79005656
5/11/2010,73.73690534
5/12/2010,73.69860656
5/13/2010,73.27106748
5/14/2010,73.11379482
5/17/2010,74.14740999
5/18/2010,74.07242094
5/19/2010,74.21086312
5/20/2010,74.8267807
5/21/2010,75.4590685
5/24/2010,75.87499989
5/25/2010,76.25092867
5/26/2010,76.13549983
5/27/2010,76.40483048
5/28/2010,76.20629657
5/31/2010,76.60389652
6/1/2010,76.76453588
6/2/2010,75.53321731
6/3/2010,75.52530745
6/4/2010,75.68901576
6/7/2010,75.39187272
6/8/2010,76.01695442
6/9/2010,76.07865555
6/10/2010,76.10167063
6/11/2010,76.29414532
6/14/2010,76.67271899
6/15/2010,76.2003661
6/16/2010,76.27499034
6/17/2010,76.1103918
6/18/2010,75.98050326
6/21/2010,75.76926752
6/22/2010,75.81834404
6/23/2010,76.38018094
6/24/2010,75.89506212
6/25/2010,76.59769533
6/28/2010,76.51434185
6/29/2010,76.50877963
6/30/2010,76.66982959
7/1/2010,74.85441501
7/2/2010,74.80893623
7/5/2010,75.26549629
7/6/2010,74.85646517
7/7/2010,74.68096553
7/8/2010,75.13461959
7/9/2010,74.79050874
7/12/2010,75.1607154
7/13/2010,75.04882282
7/14/2010,75.39507555
7/15/2010,75.11381781
7/16/2010,75.0053068
7/19/2010,75.59933762
7/20/2010,75.08635899
7/21/2010,75.21949652
7/22/2010,75.86244233
7/23/2010,75.74356102
7/26/2010,75.38037026
7/27/2010,75.43724792
7/28/2010,75.45732516
7/29/2010,74.95898512
7/30/2010,74.9169246
8/2/2010,74.83720371
8/3/2010,74.69808721
8/4/2010,74.96926878
8/5/2010,75.37063447
8/6/2010,75.11421844
8/9/2010,75.7536627
8/10/2010,75.38361567
8/11/2010,76.2153834
8/12/2010,76.09766323
8/13/2010,75.7137536
8/16/2010,75.23717138
8/17/2010,75.54777316
8/18/2010,75.42583267
8/19/2010,75.63439902
8/20/2010,75.9829111
8/23/2010,75.5545082
8/24/2010,75.09368922
8/25/2010,75.13108453
8/26/2010,75.23851046
8/27/2010,75.37584031
8/30/2010,75.08707814
8/31/2010,75.28771482
9/1/2010,74.90476464
9/2/2010,75.14312857
9/3/2010,75.11865515
9/6/2010,76.04666767
9/7/2010,76.05682511
9/8/2010,75.28789473
9/9/2010,75.74432273
9/10/2010,75.58701884
9/13/2010,75.75431596
9/14/2010,75.63868249
9/15/2010,75.29785104
9/16/2010,75.64754985
9/17/2010,75.89052869
9/20/2010,76.40339074
9/21/2010,75.87246054
9/22/2010,76.12245973
9/23/2010,75.92261207
9/24/2010,75.602097
9/27/2010,75.19806416
9/28/2010,75.40244065
9/29/2010,75.46245776
9/30/2010,75.6197403
10/1/2010,75.74175516
10/4/2010,75.7909019
10/5/2010,75.74258857
10/6/2010,75.06342475
10/7/2010,75.33205836
10/8/2010,75.31618904
10/11/2010,75.48640132
10/12/2010,75.32021696
10/13/2010,75.23529947
10/14/2010,74.37144349
10/15/2010,74.65855621
10/18/2010,74.83402491
10/19/2010,74.87610958
10/20/2010,74.87780197
10/21/2010,74.61945497
10/22/2010,75.32746104
10/25/2010,75.12987213
10/26/2010,75.56729456
10/27/2010,74.95499877
10/28/2010,74.88186857
10/29/2010,75.14180769
11/1/2010,75.12927535
11/2/2010,75.45683701
11/3/2010,75.27395103
11/4/2010,75.69393565
11/5/2010,75.31631849
11/8/2010,75.19588878
11/9/2010,74.65874407
11/10/2010,74.17673129
11/11/2010,74.45425405
11/12/2010,74.85608311
11/15/2010,74.83471843
11/16/2010,74.52625187
11/17/2010,74.30125948
11/18/2010,73.87081034
11/19/2010,73.80477095
11/22/2010,74.0630141
11/23/2010,73.79341022
11/24/2010,73.79613027
11/25/2010,74.29885949
11/26/2010,74.22412111
11/29/2010,74.83923143
11/30/2010,74.12485836
12/1/2010,73.51585016
12/2/2010,72.23890278
12/3/2010,70.84083797
12/6/2010,70.74801022
12/7/2010,71.14251006
12/8/2010,70.98921937
12/9/2010,70.99744713
12/10/2010,71.32648455
12/13/2010,70.79392882
12/14/2010,71.11355867
12/15/2010,70.3990955
12/16/2010,69.16387334
12/17/2010,66.92675305
12/20/2010,65.57585993
12/21/2010,65.66853901
12/22/2010,65.23165454
12/23/2010,65.09246828
12/24/2010,66.73693255
12/27/2010,66.32434226
12/28/2010,66.01400268
12/29/2010,65.57091531
12/30/2010,65.44660392
12/31/2010,65.27409198
1/3/2011,64.81324539
1/4/2011,65.21188443
1/5/2011,65.08115685
1/6/2011,65.17374558
1/7/2011,65.48329971
1/10/2011,65.46597505
1/11/2011,65.33792323
1/12/2011,65.34854411
1/13/2011,64.92034533
1/14/2011,64.69837101
1/17/2011,64.77005345
1/18/2011,64.24284889
1/19/2011,64.31012824
1/20/2011,65.29918211
1/21/2011,64.36136139
1/24/2011,64.65403888
1/25/2011,63.87928335
1/26/2011,63.37107903
1/27/2011,63.13970903
1/28/2011,63.38721736
1/31/2011,62.77727906
2/1/2011,61.77268889
2/2/2011,63.11387915
2/3/2011,62.22942259
2/4/2011,62.95526541
2/7/2011,62.55202411
2/8/2011,61.55286095
2/9/2011,61.23416954
2/10/2011,61.78587128
2/11/2011,62.88771697
2/14/2011,61.81108321
2/15/2011,61.9298704
2/16/2011,62.454229
2/17/2011,61.63202867
2/18/2011,61.28955371
2/21/2011,61.58263834
2/22/2011,61.49068173
2/23/2011,61.97840534
2/24/2011,61.92269054
2/25/2011,62.07982745
2/28/2011,62.13639438
3/1/2011,62.34570558
3/2/2011,62.22968687
3/3/2011,62.99830527
3/4/2011,62.64925406
3/7/2011,62.68682495
3/8/2011,62.665218
3/9/2011,62.19144095
3/10/2011,62.41142572
3/11/2011,63.08862557
3/14/2011,63.05912439
3/15/2011,66.93996948
3/16/2011,67.50139976
3/17/2011,67.31335601
3/18/2011,66.97322881
3/21/2011,66.85672499
3/22/2011,66.17025109
3/23/2011,66.83675468
3/24/2011,65.93790273
3/25/2011,66.38355048
3/28/2011,66.25862647
3/29/2011,66.06518468
3/30/2011,65.85621982
3/31/2011,65.80573132
4/1/2011,65.73723976
4/4/2011,65.39148222
4/5/2011,65.5052798
4/6/2011,66.35879366
4/7/2011,66.03947271
4/8/2011,65.7235644
4/11/2011,65.39303414
4/12/2011,65.80061102
4/13/2011,65.71157517
4/14/2011,65.25234793
4/15/2011,64.70170873
4/18/2011,65.12830923
4/19/2011,65.68050005
4/20/2011,66.03361626
4/21/2011,65.21815629
4/26/2011,65.6907638
4/27/2011,65.74728026
4/28/2011,65.21768867
4/29/2011,65.648333
5/2/2011,64.94721245
5/3/2011,65.04416909
5/4/2011,65.2159382
5/5/2011,64.90026488
5/6/2011,65.12413088
5/9/2011,65.37682853
5/10/2011,65.40799386
5/11/2011,65.02480324
5/12/2011,65.24805508
5/13/2011,64.92159549
5/16/2011,64.91170657
5/17/2011,64.85736747
5/18/2011,65.31755077
5/19/2011,64.81777673
5/20/2011,64.90709587
5/23/2011,65.2511221
5/24/2011,65.068589
5/25/2011,64.89682328
5/26/2011,65.16506339
5/27/2011,64.79580226
5/30/2011,65.66062822
5/31/2011,65.43698716
6/1/2011,65.42848404
6/2/2011,65.01115388
6/3/2011,65.2643208
6/6/2011,65.9828315
6/7/2011,66.05323033
6/8/2011,65.67008324
6/9/2011,65.74406143
6/10/2011,66.16226975
6/13/2011,66.8440519
6/14/2011,64.42020807
6/15/2011,63.71517473
6/16/2011,63.1015821
6/17/2011,63.89002062
6/20/2011,64.07020793
6/21/2011,63.99804086
6/22/2011,63.47178253
6/23/2011,63.77226176
6/24/2011,62.81339719
6/27/2011,62.44774654
6/28/2011,61.49158011
6/29/2011,58.59156672
6/30/2011,58.60577139
7/1/2011,58.67821874
7/4/2011,59.12750555
7/5/2011,60.16790218
7/6/2011,60.03662034
7/7/2011,59.31446085
7/8/2011,59.49517865
7/11/2011,60.18612207
7/12/2011,61.85932827
7/13/2011,61.20814833
7/14/2011,60.84966519
7/15/2011,61.3747103
7/18/2011,61.16103638
7/19/2011,60.55567753
7/20/2011,61.05872656
7/21/2011,61.63124737
7/22/2011,60.63910977
7/25/2011,59.92709223
7/26/2011,58.86573503
7/27/2011,58.87528628
7/28/2011,59.04284667
7/29/2011,58.83461624
8/1/2011,59.1734
8/2/2011,58.73084035
8/3/2011,60.4417833
8/4/2011,62.5583742
8/5/2011,67.52069724
8/8/2011,72.23958812
8/9/2011,76.5329936
8/10/2011,76.21212884
8/11/2011,76.59520369
8/12/2011,75.42171316
8/15/2011,75.14723109
8/16/2011,75.19518708
8/17/2011,75.22665922
8/18/2011,76.75209969
8/19/2011,77.02588908
8/22/2011,77.00193236
8/23/2011,77.53876057
8/24/2011,77.01860488
8/25/2011,76.92006051
8/26/2011,77.08978018
8/29/2011,77.47952177
8/30/2011,77.47414524
8/31/2011,78.2184404
9/1/2011,77.5616866
9/2/2011,77.62379601
9/5/2011,77.53632506
9/6/2011,78.02040656
9/7/2011,78.17026736
9/8/2011,78.0061676
9/9/2011,78.48003217
9/12/2011,78.80185825
9/13/2011,78.99923335
9/14/2011,78.49786304
9/15/2011,78.35084202
9/16/2011,78.38567771
9/19/2011,78.02027893
9/20/2011,77.90719832
9/21/2011,78.20179146
9/22/2011,78.95701815
9/23/2011,79.32562054
9/26/2011,79.75211953
9/27/2011,79.6408608
9/28/2011,79.635576
9/29/2011,79.51480089
9/30/2011,79.80961918
10/3/2011,79.68631613
10/4/2011,80.36548549
10/5/2011,80.29933554
10/6/2011,80.62875985
10/7/2011,80.41934905
10/10/2011,80.37535377
10/11/2011,80.32724204
10/12/2011,80.98040134
10/13/2011,79.11894934
10/14/2011,79.09286972
10/17/2011,79.07672493
10/18/2011,79.14028796
10/19/2011,78.95607317
10/20/2011,78.89000376
10/21/2011,78.82937009
10/24/2011,78.89097834
10/25/2011,78.83382577
10/26/2011,78.74113852
10/27/2011,78.81464985
10/28/2011,78.89348181
10/31/2011,78.96590415
11/1/2011,79.05120723
11/2/2011,78.58543682
11/3/2011,78.37374322
11/4/2011,78.16001603
11/7/2011,78.2005086
11/8/2011,78.08490636
11/9/2011,78.32532102
11/10/2011,78.27983729
11/11/2011,78.83144208
11/14/2011,78.4771486
11/15/2011,78.33720599
11/16/2011,77.76123694
11/17/2011,77.77373035
11/18/2011,78.20678192
11/21/2011,77.80593643
11/22/2011,77.57547321
11/23/2011,77.53334016
11/24/2011,77.99422437
11/25/2011,77.78398048
11/28/2011,77.84223685
11/29/2011,77.78267866
11/30/2011,77.52109694
12/1/2011,78.0338476
12/2/2011,78.35887956
12/5/2011,77.96362171
12/6/2011,78.32250573
12/7/2011,77.69433224
12/8/2011,78.13758165
12/9/2011,78.23214918
12/12/2011,78.19908509
12/13/2011,78.12764958
12/14/2011,78.45635415
12/15/2011,78.5633076
12/16/2011,78.36764773
12/19/2011,78.1755365
12/20/2011,78.13594136
12/21/2011,78.08668784
12/22/2011,78.19504926
12/23/2011,79.82719859
12/27/2011,79.19693999
12/28/2011,79.11875368
12/29/2011,79.06021731
12/30/2011,79.98400006
1/2/2012,79.51322256
1/3/2012,79.51907726
1/4/2012,79.37245387
1/5/2012,79.46646051
1/6/2012,79.26723718
1/9/2012,78.98452523
1/10/2012,78.57954211
1/11/2012,79.19858365
1/12/2012,79.2366337
1/13/2012,79.43111396
1/16/2012,79.1070535
1/17/2012,79.36111922
1/18/2012,79.42949715
1/19/2012,79.4106712
1/20/2012,79.26935408
1/23/2012,79.41407637
1/24/2012,79.0036919
1/25/2012,79.1242481
1/26/2012,78.90336517
1/27/2012,78.8035269
1/30/2012,78.92810532
1/31/2012,78.51552046
2/1/2012,77.7984694
2/2/2012,78.15625759
2/3/2012,77.92407211
2/6/2012,78.4893721
2/7/2012,78.15297415
2/8/2012,78.36079872
2/9/2012,77.5583744
2/10/2012,77.91727043
2/13/2012,77.69736685
2/14/2012,78.0409567
2/15/2012,77.96592873
2/16/2012,77.12492497
2/17/2012,77.43004549
2/20/2012,77.39750158
2/21/2012,77.33276872
2/22/2012,77.61600741
2/23/2012,77.23831728
2/24/2012,77.13641328
2/27/2012,77.47378769
2/28/2012,77.75517868
2/29/2012,78.13408058
3/1/2012,77.34210989
3/2/2012,77.44360505
3/5/2012,75.9176737
3/6/2012,74.76895169
3/7/2012,72.22001306
3/8/2012,71.95627205
3/9/2012,71.90337448
3/12/2012,72.31616584
3/13/2012,71.81604278
3/14/2012,71.81251455
3/15/2012,72.4265975
3/16/2012,71.27512213
3/19/2012,70.61453917
3/20/2012,70.76123414
3/21/2012,70.52899563
3/22/2012,70.72262302
3/23/2012,70.62166767
3/26/2012,70.53124011
3/27/2012,70.61715216
3/28/2012,70.73007485
3/29/2012,70.75085597
3/30/2012,70.99913877
4/2/2012,70.68975085
4/3/2012,70.79653508
4/4/2012,70.3487627
4/5/2012,69.71926242
4/10/2012,69.6000344
4/11/2012,69.31392211
4/12/2012,68.99828614
4/13/2012,69.04569454
4/16/2012,69.4758483
4/17/2012,69.66550086
4/18/2012,70.10339629
4/19/2012,69.6774115
4/20/2012,70.03800891
4/23/2012,70.63110746
4/24/2012,69.77515663
4/25/2012,67.97037617
4/26/2012,66.15332078
4/27/2012,65.69621086
4/30/2012,65.99890237
5/2/2012,66.58049642
5/3/2012,66.31713115
5/4/2012,65.70156653
5/7/2012,64.49462221
5/8/2012,64.88595365
5/9/2012,64.82429424
5/10/2012,64.63064632
5/11/2012,64.28450596
5/14/2012,64.76380265
5/15/2012,64.71388453
5/16/2012,65.18888276
5/17/2012,64.99839171
5/18/2012,64.58548489
5/21/2012,64.61153767
5/22/2012,64.56821026
5/23/2012,64.63375089
5/24/2012,64.46828557
5/25/2012,64.04885148
5/28/2012,63.95067387
5/29/2012,64.14399619
5/30/2012,63.6123481
5/31/2012,63.83011441
6/1/2012,64.0187803
6/4/2012,63.55979807
6/5/2012,62.92588135
6/6/2012,62.07028648
6/7/2012,62.00834703
6/8/2012,61.98086853
6/11/2012,62.29014407
6/12/2012,60.92128125
6/13/2012,60.32862282
6/14/2012,60.33912793
6/15/2012,60.4537693
6/18/2012,60.70260122
6/19/2012,60.45105992
6/20/2012,60.91316998
6/21/2012,60.79446754
6/22/2012,60.35713151
6/25/2012,60.19212542
6/26/2012,59.78552384
6/27/2012,59.43709325
6/28/2012,59.87948557
6/29/2012,59.93021618
7/2/2012,59.7169691
7/3/2012,59.0210515
7/4/2012,59.27354914
7/5/2012,59.42545601
7/6/2012,59.29675782
7/9/2012,59.18475987
7/10/2012,59.73489117
7/11/2012,59.52739354
7/12/2012,59.06739518
7/13/2012,59.76891676
7/16/2012,59.7290544
7/17/2012,59.77188944
7/18/2012,59.6884747
7/19/2012,59.87109167
7/20/2012,59.36207306
7/23/2012,60.1403017
7/24/2012,60.37626815
7/25/2012,60.14138809
7/26/2012,59.37240495
7/27/2012,59.33859589
7/30/2012,59.46123644
7/31/2012,58.75459303
8/1/2012,59.09490309
8/2/2012,59.09576202
8/3/2012,60.16425928
8/6/2012,59.74878562
8/7/2012,59.9049612
8/8/2012,60.17356493
8/9/2012,60.1651088
8/10/2012,60.87792401
8/13/2012,59.98561486
8/14/2012,60.39491011
8/15/2012,59.3795431
8/16/2012,59.79027746
8/17/2012,60.66881363
8/20/2012,60.75961052
8/21/2012,60.7277253
8/22/2012,61.03306636
8/23/2012,61.07514796
8/24/2012,60.99322606
8/27/2012,61.25191308
8/28/2012,62.02423587
8/29/2012,62.31121773
8/30/2012,61.81159942
8/31/2012,61.42973311
9/3/2012,61.58584228
9/4/2012,61.70355816
9/5/2012,61.60429062
9/6/2012,61.90455156
9/7/2012,61.59463407
9/10/2012,62.19123145
9/11/2012,61.74563166
9/12/2012,61.83542532
9/13/2012,61.43151419
9/14/2012,61.3539438
9/17/2012,61.93714486
9/18/2012,61.95616094
9/19/2012,62.22312333
9/20/2012,61.99763263
9/21/2012,62.03272833
9/24/2012,61.88118501
9/25/2012,62.87629746
9/26/2012,62.03353285
9/27/2012,61.97503919
9/28/2012,62.38516218
10/1/2012,61.80607194
10/2/2012,62.17424107
10/3/2012,62.04156711
10/4/2012,61.87890463
10/5/2012,60.18818466
10/8/2012,60.87686069
10/9/2012,60.75454506
10/10/2012,61.48943778
10/11/2012,61.38980258
10/12/2012,62.20222754
10/15/2012,61.99122778
10/16/2012,61.9230738
10/17/2012,62.00151664
10/18/2012,62.41180669
10/19/2012,62.50846619
10/22/2012,62.27537457
10/23/2012,62.50608803
10/24/2012,62.70856098
10/25/2012,63.1291969
10/26/2012,62.68097183
10/29/2012,63.01510488
10/30/2012,63.02807338
10/31/2012,63.14947521
11/1/2012,62.47351664
11/2/2012,63.36627186
11/5/2012,62.98155348
11/6/2012,63.02542293
11/7/2012,64.31488383
11/8/2012,64.09020716
11/9/2012,64.72003536
11/12/2012,65.5665274
11/13/2012,65.31828456
11/14/2012,64.74841019
11/15/2012,64.76219096
11/16/2012,65.51048068
11/19/2012,65.24074658
11/20/2012,63.911879
11/21/2012,63.56886848
11/22/2012,64.05379087
11/23/2012,63.746972
11/26/2012,64.49790317
11/27/2012,64.4880349
11/28/2012,64.62063457
11/29/2012,64.91466832
11/30/2012,64.01250591
12/3/2012,63.58151385
12/4/2012,64.19245905
12/5/2012,63.96261374
12/6/2012,63.78417302
12/7/2012,63.91799073
12/10/2012,63.32666337
12/11/2012,62.17933124
12/12/2012,62.26647101
12/13/2012,61.72216589
12/14/2012,62.69442288
12/17/2012,61.93967735
12/18/2012,61.74324252
12/19/2012,62.03420682
12/20/2012,61.62137088
12/21/2012,61.38140762
12/24/2012,61.14492178
12/27/2012,61.04338844
12/28/2012,60.59632971
1/2/2013,59.48324465
1/3/2013,59.24246687
1/4/2013,58.52591776
1/7/2013,58.3588018
1/8/2013,58.73089789
1/9/2013,58.02353959
1/10/2013,58.23347026
1/11/2013,57.80296123
1/14/2013,57.86972828
1/15/2013,57.38287619
1/16/2013,56.91749063
1/17/2013,56.92270584
1/18/2013,56.48164754
1/21/2013,56.03369446
1/22/2013,56.41489368
1/23/2013,57.17248901
1/24/2013,56.55259601
1/25/2013,56.40646758
1/28/2013,56.12954848
1/29/2013,55.76219602
1/30/2013,55.91951377
1/31/2013,54.67916665
2/1/2013,54.91191044
2/4/2013,54.916756
2/5/2013,54.49168217
2/6/2013,54.85015342
2/7/2013,54.72719759
2/8/2013,54.65654318
2/11/2013,54.60915296
2/12/2013,53.84682296
2/13/2013,53.35924819
2/14/2013,53.58754774
2/15/2013,54.18207859
2/18/2013,53.77099269
2/19/2013,54.10084852
2/20/2013,53.77330362
2/21/2013,53.86433202
2/22/2013,51.99067886
2/25/2013,52.6042434
2/26/2013,52.44394088
2/27/2013,51.10120632
2/28/2013,50.62410764
3/1/2013,50.7590674
3/4/2013,49.97152924
3/5/2013,50.31780442
3/6/2013,49.50947582
3/7/2013,48.04758128
3/8/2013,48.28065269
3/11/2013,48.04713852
3/12/2013,48.2611382
3/13/2013,48.41455187
3/14/2013,48.48052403
3/15/2013,48.18024371
3/18/2013,48.80273606
3/19/2013,49.42599807
3/20/2013,49.81242926
3/21/2013,49.64088067
3/22/2013,49.46316395
3/25/2013,50.14295804
3/26/2013,50.01776572
3/27/2013,49.78995155
3/28/2013,50.11062797
4/2/2013,49.86715048
4/3/2013,50.42174784
4/4/2013,49.75274216
4/5/2013,51.02857038
4/8/2013,50.68214173
4/9/2013,50.70198067
4/10/2013,50.95307174
4/11/2013,51.60099383
4/12/2013,50.58592
4/15/2013,51.83692855
4/16/2013,51.57023108
4/17/2013,52.26651173
4/18/2013,52.47646996
4/19/2013,52.46185721
4/22/2013,52.55761696
4/23/2013,51.65663162
4/24/2013,51.81541961
4/25/2013,52.20809698
4/26/2013,51.53572681
4/29/2013,52.53543869
4/30/2013,51.96494684
5/2/2013,52.53119224
5/3/2013,51.88253454
5/6/2013,52.98243288
5/7/2013,52.28582564
5/8/2013,52.53444249
5/9/2013,53.52981162
5/10/2013,52.80246646
5/13/2013,52.29191479
5/14/2013,52.0718657
5/15/2013,52.02837759
5/16/2013,51.95666072
5/17/2013,51.59953613
5/20/2013,51.72175922
5/21/2013,51.72102122
5/22/2013,51.28723249
5/23/2013,52.89496861
5/24/2013,53.56148908
5/27/2013,53.8196511
5/28/2013,53.72758653
5/29/2013,53.99448423
5/30/2013,53.59677874
5/31/2013,54.19637993
6/3/2013,54.40796012
6/4/2013,54.61831727
6/5/2013,55.01458588
6/6/2013,54.98729712
6/7/2013,55.87269387
6/10/2013,55.30653225
6/11/2013,55.79400453
6/12/2013,56.45027956
6/13/2013,56.77895915
6/14/2013,55.81213673
6/17/2013,55.7823978
6/18/2013,55.69725719
6/19/2013,55.66505356
6/20/2013,57.4618933
6/21/2013,59.02127684
6/24/2013,59.76695768
6/25/2013,60.4046135
6/26/2013,60.63445678
6/27/2013,60.35606311
6/28/2013,60.73425623
7/1/2013,60.59000723
7/2/2013,60.66062706
7/3/2013,60.52788362
7/4/2013,60.30466616
7/5/2013,59.80769674
7/8/2013,59.89599986
7/9/2013,59.64516831
7/10/2013,60.27626495
7/11/2013,60.0610224
7/12/2013,59.99158157
7/15/2013,60.12142422
7/16/2013,60.32616175
7/17/2013,60.33227475
7/18/2013,59.97948342
7/19/2013,60.32689601
7/22/2013,60.07790557
7/23/2013,59.34987476
7/24/2013,59.24139394
7/25/2013,59.54983783
7/26/2013,59.4478788
7/29/2013,59.56716295
7/30/2013,59.01196129
7/31/2013,59.01383825
8/1/2013,59.93526145
8/2/2013,59.08344124
8/5/2013,58.91666859
8/6/2013,59.38977254
8/7/2013,60.13786289
8/8/2013,59.60709407
8/9/2013,59.79908355
8/12/2013,59.38332521
8/13/2013,60.80831169
8/14/2013,60.52465511
8/15/2013,60.96965966
8/16/2013,59.65526772
8/19/2013,60.59883088
8/20/2013,61.12416047
8/21/2013,59.7603696
8/22/2013,59.35555942
8/23/2013,59.30121983
8/26/2013,59.06784795
8/27/2013,59.79346928
8/28/2013,60.19831356
8/29/2013,59.52870275
8/30/2013,59.5276329
9/2/2013,60.17778167
9/3/2013,59.54446057
9/4/2013,60.38658155
9/5/2013,58.95356149
9/6/2013,60.02060291
9/9/2013,60.87719193
9/10/2013,59.93966439
9/11/2013,60.22956628
9/12/2013,59.65414183
9/13/2013,59.69199155
9/16/2013,59.65195742
9/17/2013,59.74227331
9/18/2013,59.55862569
9/19/2013,60.23775153
9/20/2013,59.66842766
9/23/2013,59.1226752
9/24/2013,58.28667749
9/25/2013,58.51414539
9/26/2013,58.51366027
9/27/2013,59.09322707
9/30/2013,59.11922019
10/1/2013,58.96258743
10/2/2013,59.3447312
10/3/2013,58.54896794
10/4/2013,59.38742292
10/7/2013,59.4094757
10/8/2013,59.90032507
10/9/2013,58.93513447
10/10/2013,59.07628761
10/11/2013,59.77812875
10/14/2013,59.55399339
10/15/2013,59.79895476
10/16/2013,60.25793889
10/17/2013,60.29079905
10/18/2013,60.53258616
10/21/2013,60.72147425
10/22/2013,61.35057691
10/23/2013,60.73928324
10/24/2013,60.44056633
10/25/2013,60.00110998
10/28/2013,59.47372214
10/29/2013,59.35801696
10/30/2013,59.70573965
10/31/2013,60.0000581
11/1/2013,60.06165768
11/4/2013,59.0063545
11/5/2013,59.23089838
11/6/2013,59.87460107
11/7/2013,59.44931328
11/8/2013,59.68845641
11/11/2013,59.36610831
11/12/2013,58.88556468
11/13/2013,59.10886194
11/14/2013,58.24506651
11/15/2013,58.53889749
11/18/2013,59.62647953
11/19/2013,59.58476961
11/20/2013,59.12363873
11/21/2013,58.80057286
11/22/2013,58.86050965
11/25/2013,59.07211518
11/26/2013,58.73424464
11/27/2013,59.04591073
11/28/2013,59.07253543
11/29/2013,59.80699498
12/2/2013,58.32688641
12/3/2013,58.81996599
12/4/2013,58.97294547
12/5/2013,59.18182439
12/6/2013,59.35189246
12/9/2013,59.50259567
12/10/2013,60.39111318
12/11/2013,60.21940458
12/12/2013,60.4346448
12/13/2013,60.07972436
12/16/2013,59.89481627
12/17/2013,60.19979781
12/18/2013,60.29946501
12/19/2013,59.06481858
12/20/2013,58.83235086
12/23/2013,58.88793208
12/24/2013,59.88835789
12/27/2013,59.15315536
12/30/2013,59.89776778
12/31/2013,59.06435685
1/2/2014,59.65247075
1/3/2014,59.50980231
1/6/2014,59.5454234
1/7/2014,59.42104387
1/8/2014,58.75998592
1/9/2014,59.20899059
1/10/2014,58.60155929
1/13/2014,58.34287286
1/14/2014,56.75967573
1/15/2014,57.07650013
1/16/2014,57.32422284
1/17/2014,57.03310901
1/20/2014,57.09832563
1/21/2014,55.84516298
1/22/2014,54.0467079
1/23/2014,52.7714509
1/24/2014,53.51772905
1/27/2014,53.37593125
1/28/2014,53.8379574
1/29/2014,55.93399306
1/30/2014,55.56760382
1/31/2014,56.05898834
2/3/2014,56.22019185
2/4/2014,56.70613011
2/5/2014,56.10373334
2/6/2014,55.56783091
2/7/2014,55.44592748
2/10/2014,55.77216236
2/11/2014,54.6074183
2/12/2014,55.18851566
2/13/2014,55.20649284
2/14/2014,55.39053397
2/17/2014,56.46303053
2/18/2014,56.63210325
2/19/2014,55.86263804
2/20/2014,56.30178183
2/21/2014,56.80856305
2/24/2014,56.79615792
2/25/2014,56.90179933
2/26/2014,57.39182493
2/27/2014,56.75545057
2/28/2014,56.64744464
3/3/2014,57.04179588
3/4/2014,57.29125969
3/5/2014,58.11432375
3/6/2014,57.43110598
3/7/2014,57.17896575
3/10/2014,57.71768926
3/11/2014,57.63304413
3/12/2014,57.17072211
3/13/2014,57.44108211
3/14/2014,57.23388423
3/17/2014,57.32339543
3/18/2014,57.09646513
3/19/2014,56.94235725
3/20/2014,56.66848711
3/21/2014,55.7290777
3/24/2014,55.58442213
3/25/2014,55.02543251
3/26/2014,55.80654427
3/27/2014,55.66361
3/28/2014,55.15588212
3/31/2014,55.01016387
4/1/2014,55.23129722
4/2/2014,56.29726758
4/3/2014,55.01171857
4/4/2014,55.8280566
4/7/2014,54.78973328
4/8/2014,55.34722504
4/9/2014,54.94085405
4/10/2014,55.39526479
4/11/2014,55.56222544
4/14/2014,55.70619405
4/15/2014,56.0975218
4/16/2014,56.24485865
4/17/2014,56.75552205
4/22/2014,56.74555541
4/23/2014,56.66244853
4/24/2014,57.56158875
4/25/2014,56.46571555
4/28/2014,56.47570245
4/29/2014,56.79682346
4/30/2014,56.154348
5/2/2014,56.35982412
5/5/2014,56.80855954
5/6/2014,56.24112865
5/7/2014,56.85482902
5/8/2014,56.49673616
5/9/2014,57.04331402
5/12/2014,56.69122344
5/13/2014,57.10945835
5/14/2014,56.43944631
5/15/2014,57.12531625
5/16/2014,57.20811015
5/19/2014,57.06764699
5/20/2014,56.72453855
5/21/2014,57.04808155
5/22/2014,56.92438538
5/23/2014,57.04384315
5/26/2014,57.65802819
5/27/2014,57.82366741
5/28/2014,57.57196674
5/29/2014,57.80754702
5/30/2014,56.94974832
6/2/2014,57.71895965
6/3/2014,57.69765387
6/4/2014,58.01184996
6/5/2014,57.83908299
6/6/2014,58.64344271
6/9/2014,58.54359062
6/10/2014,58.57631268
6/11/2014,58.06115623
6/12/2014,58.32563811
6/13/2014,58.260466
6/16/2014,58.2610104
6/17/2014,58.04941257
6/18/2014,57.85003955
6/19/2014,57.31999175
6/20/2014,57.38898404
6/23/2014,57.6422203
6/24/2014,57.78796005
6/25/2014,57.57557739
6/26/2014,57.85384327
6/27/2014,56.94514454
6/30/2014,57.31001648
7/1/2014,57.43072169
7/2/2014,56.93099903
7/3/2014,56.96388173
7/4/2014,57.47313163
7/7/2014,57.55917998
7/8/2014,57.65471364
7/9/2014,57.37291846
7/10/2014,58.81534399
7/11/2014,58.72423061
7/14/2014,58.85406538
7/15/2014,58.44194789
7/16/2014,57.83255619
7/17/2014,57.05941216
7/18/2014,57.40972919
7/21/2014,57.82305432
7/22/2014,57.09931875
7/23/2014,57.02883902
7/24/2014,57.38599653
7/25/2014,56.79776441
7/28/2014,57.44414569
7/29/2014,56.76223593
7/30/2014,56.3807582
7/31/2014,56.82216373
8/1/2014,57.03974449
8/4/2014,56.93339691
8/5/2014,56.94678681
8/6/2014,56.74901815
8/7/2014,57.75856561
8/8/2014,57.96098153
8/11/2014,57.72066729
8/12/2014,57.68387641
8/13/2014,57.95266858
8/14/2014,58.4747717
8/15/2014,57.49651614
8/18/2014,58.02538058
8/19/2014,58.98306237
8/20/2014,58.3971688
8/21/2014,57.1298345
8/22/2014,56.85913019
8/25/2014,57.40976104
8/26/2014,58.73845561
8/27/2014,56.61054525
8/28/2014,56.17797954
8/29/2014,56.2047953
9/1/2014,54.49524917
9/2/2014,54.30969428
9/3/2014,54.55610468
9/4/2014,53.87901931
9/5/2014,53.99830591
9/8/2014,53.79598289
9/9/2014,54.28260706
9/10/2014,54.07662387
9/11/2014,53.2880872
9/12/2014,54.54826875
9/15/2014,54.17625355
9/16/2014,53.85591153
9/17/2014,54.13597072
9/18/2014,53.4419482
9/19/2014,54.2540538
9/22/2014,55.23464281
9/23/2014,54.05292625
9/24/2014,53.82672505
9/25/2014,54.47362066
9/26/2014,54.78995409
9/29/2014,54.85139927
9/30/2014,54.84905826
10/1/2014,54.32778309
10/2/2014,54.68625486
10/3/2014,55.08583327
10/6/2014,54.71512504
10/7/2014,54.52043688
10/8/2014,54.59864898
10/9/2014,55.3233157
10/10/2014,55.02838153
10/13/2014,55.4510026
10/14/2014,56.15696699
10/15/2014,57.20641234
10/16/2014,59.4507941
10/17/2014,59.54311019
10/20/2014,58.78580383
10/21/2014,58.76384487
10/22/2014,58.31748809
10/23/2014,58.23019325
10/24/2014,58.26362977
10/27/2014,59.413081
10/28/2014,59.31548776
10/29/2014,60.01375523
10/30/2014,60.4696927
10/31/2014,60.2601068
11/3/2014,60.00814485
11/4/2014,60.40201867
11/5/2014,60.70326069
11/6/2014,60.41195566
11/7/2014,60.03577869
11/10/2014,59.96204506
11/11/2014,59.27782863
11/12/2014,59.75666835
11/13/2014,59.76075983
11/14/2014,59.50700991
11/17/2014,59.28339768
11/18/2014,60.67205704
11/19/2014,60.08996499
11/20/2014,59.37020706
11/21/2014,58.59072962
11/24/2014,58.9767447
11/25/2014,58.80448642
11/26/2014,59.44492164
11/27/2014,59.27816041
11/28/2014,59.53950091
12/1/2014,59.70978851
12/2/2014,60.13192729
12/3/2014,59.93325306
12/4/2014,61.52653407
12/5/2014,61.23066964
12/8/2014,61.18523906
12/9/2014,61.61375659
12/10/2014,61.40505556
12/11/2014,60.91710779
12/12/2014,60.77759408
12/15/2014,62.03933554
12/16/2014,63.19227697
12/17/2014,63.10184541
12/18/2014,62.70644115
12/19/2014,61.91947366
12/22/2014,61.4190508
12/23/2014,61.55808114
12/24/2014,61.73619759
12/29/2014,61.35791399
12/30/2014,62.18355822
1/2/2015,61.60678652
1/5/2015,62.35919591
1/6/2015,62.6888805
1/7/2015,62.79606482
1/8/2015,62.81054307
1/9/2015,62.29056313
1/12/2015,63.00320725
1/13/2015,63.53745065
1/14/2015,63.05044334
1/15/2015,63.90940608
1/16/2015,63.71748247
1/19/2015,63.10298577
1/20/2015,63.61257713
1/21/2015,63.76632336
1/22/2015,63.4924086
1/23/2015,62.91422117
1/26/2015,63.72837236
1/27/2015,63.43410882
1/28/2015,63.60054994
1/29/2015,63.91117377
1/30/2015,64.15806273
2/2/2015,64.0031521
2/3/2015,63.62475508
2/4/2015,64.09619756
2/5/2015,63.72378996
2/6/2015,63.74416938
2/9/2015,64.44763925
2/10/2015,65.1973892
2/11/2015,64.13323344
2/12/2015,63.90818157
2/13/2015,63.92348594
2/16/2015,64.441785
2/17/2015,64.35862693
2/18/2015,64.09335598
2/19/2015,64.76742334
2/20/2015,64.69006916
2/23/2015,64.82071814
2/24/2015,64.11010534
2/25/2015,64.56605362
2/26/2015,63.98566768
2/27/2015,63.92426187
3/2/2015,64.33459917
3/3/2015,63.20645948
3/4/2015,63.53427817
3/5/2015,63.3421573
3/6/2015,62.81342491
3/9/2015,63.00524259
3/10/2015,62.87221523
3/11/2015,63.4623165
3/12/2015,63.87936487
3/13/2015,62.40825559
3/16/2015,62.49066564
3/17/2015,62.07031886
3/18/2015,62.54503466
3/19/2015,62.11492939
3/20/2015,61.58891022
3/23/2015,61.58474324
3/24/2015,61.28439644
3/25/2015,61.2781201
3/26/2015,62.07390214
3/27/2015,61.88476446
3/30/2015,60.93595182
3/31/2015,61.26848765
4/1/2015,60.33163385
4/2/2015,61.37845504
4/7/2015,61.01954973
4/8/2015,60.86119652
4/9/2015,60.37263874
4/10/2015,61.30683895
4/13/2015,61.20611132
4/14/2015,60.78040598
4/15/2015,60.12831221
4/16/2015,60.21096197
4/17/2015,60.30295295
4/20/2015,60.17769654
4/21/2015,59.99297249
4/22/2015,59.27350438
4/23/2015,59.07400117
4/24/2015,59.2858999
4/27/2015,59.42041586
4/28/2015,59.80868154
4/29/2015,59.41352997
4/30/2015,60.68081092
5/4/2015,59.73927179
5/5/2015,59.66756149
5/6/2015,59.9544026
5/7/2015,60.10101459
5/8/2015,60.32022657
5/11/2015,60.20228671
5/12/2015,60.02564191
5/13/2015,59.69878685
5/14/2015,59.80313443
5/15/2015,59.72028778
5/18/2015,60.3442476
5/19/2015,60.87694492
5/20/2015,61.04459781
5/21/2015,60.84567168
5/22/2015,59.80576132
5/25/2015,59.29490782
5/26/2015,58.44506601
5/27/2015,58.24560509
5/28/2015,58.68727075
5/29/2015,57.6845897
6/1/2015,57.70249614
6/2/2015,57.59776467
6/3/2015,56.70679236
6/4/2015,57.18404398
6/5/2015,57.29535603
6/8/2015,56.71767063
6/9/2015,57.15628532
6/10/2015,57.17716946
6/11/2015,57.63065721
6/12/2015,57.49206507
6/15/2015,57.75873424
6/16/2015,57.43120611
6/17/2015,58.11468097
6/18/2015,57.07709746
6/19/2015,57.20762837
6/22/2015,57.05593179
6/23/2015,57.23974869
6/24/2015,56.6715929
6/25/2015,58.2369559
6/26/2015,57.93248895
6/29/2015,58.3106169
6/30/2015,59.71625416
7/1/2015,59.32328583
7/2/2015,60.01644372
7/3/2015,59.76966084
7/6/2015,59.55851669
7/7/2015,59.66956268
7/8/2015,60.38087131
7/9/2015,60.35564016
7/10/2015,61.05891754
7/13/2015,60.53576978
7/14/2015,59.86930768
7/15/2015,60.60265335
7/16/2015,60.84911585
7/17/2015,60.78735416
7/20/2015,60.0938459
7/21/2015,59.73419311
7/22/2015,58.95188841
7/23/2015,56.57565494
7/24/2015,56.33158287
7/27/2015,55.79799486
7/28/2015,56.91199295
7/29/2015,57.43474635
7/30/2015,56.64471948
7/31/2015,56.53375088
8/3/2015,56.37645533
8/4/2015,55.33400514
8/5/2015,55.04100694
8/6/2015,55.65860148
8/7/2015,54.45780632
8/10/2015,54.63977252
8/11/2015,54.84749761
8/12/2015,55.91064364
8/13/2015,55.63614165
8/14/2015,55.89429467
8/17/2015,54.4520959
8/18/2015,54.42068785
8/19/2015,54.23785964
8/20/2015,53.82175481
8/21/2015,55.38010345
8/24/2015,64.42843913
8/25/2015,66.19693772
8/26/2015,66.21389017
8/27/2015,66.19974938
8/28/2015,66.19429431
8/31/2015,65.26215551
